English_words,Hebrew_meaning,Unnamed: 2,Unnamed: 3,Unnamed: 4,Unnamed: 5,Unnamed: 6,score,Unnamed: 8,Unnamed: 9,Unnamed: 10,Unnamed: 11,Unnamed: 12,Unnamed: 13,Unnamed: 14,Unnamed: 15,Unnamed: 16,Unnamed: 17,Unnamed: 18,Unnamed: 19,Unnamed: 20,Unnamed: 21,Unnamed: 22,Unnamed: 23,Unnamed: 24,Unnamed: 25,Unnamed: 26,Unnamed: 27,Unnamed: 28,Unnamed: 29
beggar ,"קַבְּצָן, פּוֹשֵׁט יָד",,,,,beggar ,0.0,,,,,,,***,,,,,,,,,,,,,,,
ephemeral,"בֶּן-חֲלוֹף, אֲרָעִי",,,,,ephemeral,0.0,,,,,,,,,,,,,,,,,,,,,,
disparaging,"מַשְׁפִּיל, בִּזְיוֹנִי",,,,,disparaging,0.0,,,,,,,,,,,,,,,,,,,,,,
impediment,"מְנִיעָה, מִגְבָּלָה, עִכּוּב; לִקּוּי, פְּגָם",,,,,impediment,0.0,,,,,,,,,,,,,,,,,,,,,,
fringe,עשייה תרבותית שאינה משתייכת לזרם המרכזי; שׁוּלַיִם;,,,,,fringe,1.0,,,,,,,,,,,,,,,,,,,,,,
intensification,"הַגְבָּרָה, הַעֲצָמָה, אִינְטֶנְסִיפִיקַצְיָה",,,,,intensification,0.0,,,,,,,,,,,,,,,,,,,,,,
acute ,"אָקוּטִי, קְרִיטִי, רְצִינִי, חָמוּר",,,,,acute ,0.0,,,,,,,,,,,,,,,,,,,,,,
palpitation,"דְּפִיקוֹת לֵב, פַּלְפִּיטַצְיָה; רַעַד, רֶטֶט",,,,,palpitation,0.0,,,,,,,,,,,,,,,,,,,,,,
pound ,"חָבַט, הָלַם; כָּתַשׁ; הלך או רץ בכבדות",,,,,pound ,0.0,,,,,,,,,,,,,,,,,,,,,,
burdensome ,"מֵעִיק, כָּבֵד",,,,,burdensome ,0.0,,,,,,,,,,,,,,,,,,,,,,
inference ,"הַסָּקָה, הַקָּשָׁה, מַסְקָנָה, הֶקֵּשׁ",,,,,inference ,1.0,,,,,,,,,,,,,,,,,,,,,,
pertain ,"היה שייך ל_, הִשְׁתַּיֵּךְ",,,,,pertain ,0.0,,,,,,,,,,,,,,,,,,,,,,
mayhem ,"מְהוּמָה, תֹּהוּ וָבֹהוּ; הטלת מום",,,,,mayhem ,0.0,,,,,,,,,,,,,,,,,,,,,,
oppression,דִּכּוּי,, , ,,oppression,0.0,,,,,,,,,,,,,,,,,,,,,,
strife ,"עִמּוּת, מַאֲבָק, סִכְסוּךְ, רִיב",,,,,strife ,0.0,,,,,,,,,,end,,,,,,,,,,,,
inexorably ,"נֶחְרָצוֹת, הֶחְלֵטִית, בקשיחות",,,,,inexorably ,0.0,,,,,,,,,,,,,,,,,,,,,,
malevolent ,"מְרֻשָּׁע, זְדוֹנִי; חוֹרֵשׁ רָעָה [רַע]",,,,,malevolent ,1.0,,,,,,,,,,,,,,,,,,,,,,
assertion ,"הַכְרָזָה, טַעֲנָה; עמידה על זכות",,,,,assertion ,0.0,,,,,,,,,,,,,,,,,,,,,,
alteration ,"שִׁנּוּי, תִּקּוּן",,,,,alteration ,0.0,,,,,,,,,,,,,,,,,,,,,,
confine ,"הִגְבִּיל, תָּחַם",,,,,confine ,0.0,,,,,,,,,,,,,,,,,,,,,,
stance ,"עֶמְדָּה, הַשְׁקָפָה, תְּפִיסָה",,,,,stance ,1.0,,,,,,,,,,,,,,,,,,,,,,
invoke ,"קָרָא (לעזרתו של האל וכדומה), הִתְפַּלֵּל; הִתְחַנֵּן (לעזרה); הֵבִיא לִידֵי, עוֹרֵר; הֶעֱלָה (זכרונות, רשמים וכד')",,,,,invoke ,0.0,,,,,,,,,,,,,,,,,,,,,,
comprehend ,"הֵבִין, תָּפַס",,,,,comprehend ,1.0,,,,,,,,,,,,,,,,,,,,,,
antidote ,תרופה נוגדת רעל,,,,,antidote ,0.0,,,,,,,,,,,,,,,,,,,,,,
dim ,"עִמְעֵם, עִמֵּם",,,,,dim ,0.0,,,,,,,,,,,,,,,,,,,,,,
practitioner ,אדם שעוסק במקצוע כלשהו,,,,,practitioner ,0.0,,,,,,,,,,,,,,,,,,,,,,
beleaguer,"כִּתֵּר, צָר; הִטְרִיד, נִטְפַּל",,,,,beleaguer,1.0,,,,,,,,,,,,,,,,,,,,,,
perplexing ,"מֵבִיךְ, מבלבל",,,,,perplexing ,0.0,,,,,,,,,,,,,,,,,,,,,,*****
rustle ,"רִשְׁרוּשׁ, רַחְשׁוּשׁ, אִוְשָׁה",,,,,rustle ,0.0,,,,,,,,,,,,,,,,,,,,,,
dreadful,"אָיֹם, נוֹרָא",,,,,dreadful,0.0,,,,,,,,,,,,,,,,,,,,,,
insofar ,"כְּכָל שֶׁ., כֵּן [כָּךְ].",,,,,insofar ,0.0,,,,,,,,,,,,,,,,,,,,,,
facade ,"חֲזִית, החלק הקדמי (של בניין וכדומה); חָזוּת, מַרְאֶה, חִיצוֹנִיּוּת, פָסָדָה, פָסוֹן",,,,,facade ,0.0,,,,,,,,,,,,,,,,,,,,,,
stultification ,"סִכּוּל, טִרְפּוּד; בִּזּוּי, הִתְקַלְּסוּת, העמדה באור מגוחך",,,,,stultification ,0.0,,,,,,,,,,,,,,,,,,,,,,
congenial ,"יְדִידוּתִי, נָעִים, סִימְפָּתִי",,,,,congenial ,0.0,,,,,,,,,,,,,,,,,,,,,,
dwell ,"שָׁכַן, הִתְגּוֹרֵר",,,,,dwell ,1.0,,,,,,,,,,,,,,,,,,,,,,
inanimate ,דּוֹמֵם,,,,,inanimate ,0.0,,,,,,,,,,,,,,,,,,,,,,
lumberjack,"חוֹטֵב עֵצִים, כּוֹרֵת",,,,,lumberjack,0.0,,,,,,,,,,,,,,,,,,,,,,
realm,מַמְלָכָה; תְּחוּם,,,,,realm,0.0,,,,,,,,,,,,,,,,,,,,,,
proclivity ,"נְטִיָּה, טֶנְדֶּנְצְיָה",,,,,proclivity ,0.0,,,,,,,,,,,,,,,,,,,,,,
depict ,"תֵּאֵר, שִׂרְטֵט, הִצִּיג",,,,,depict ,0.0,,,,,,,,,,,,,,,,,,,,,,
lucidly ,באופן צלול ובהיר,,,,,lucidly ,0.0,,,,,,,,,,,,,,,,,,,,,,
articulate,"רָהוּט, שׁוֹטֵף; שיש לו יכולת להביע עצמו באופן רהוט",,,,,articulate,0.0,,,,,,,,,,,,,,,,,,,,,,
lurk,"הִתְגַּנֵּב, אָרַב",,,,,lurk,0.0,,,,,,,,,,,,,,,,,,,,,,
juxtaposition,"נִגּוּד, הַנְגָּדָה; הצבה זה בצד זה (כדי להבליט הבדלים)",,,,,juxtaposition,0.0,,,,,,,,,,,,,,,,,,,,,,
amalgamation,הִתְמַזְּגוּת; מִזּוּג,,,,,amalgamation,0.0,,,,,,,,,,,,,,,,,,,,,,
allude ,"רָמַז, אִזְכֵּר, הִזְכִּיר",,,,,allude ,0.0,,,,,,,,,,,,,,,,,,,,,,
putative ,"ידוע כ_, מקובל כ_, מפורסם כ_",,,,,putative ,1.0,,,,,,,,,,,,,,,,,,,,,,
amiss ,לא כשורה,,,,,amiss ,0.0,,,,,,,,,,,,,,,,,,,,,,
transcend ,הִתְעַלָּה,,,,,transcend ,0.0,,,,,,,,,,,,,,,,,,,,,,
assiduous,"חָרוּץ, שַׁקְדָן",,,,,assiduous,1.0,,,,,,,,,,,,,,,,,,,,,,
superfluous,"עוֹדֵף, מְיֻתָּר",,,,,superfluous,0.0,,,,,,,,,,,,,,,,,,,,,,
primordial ,"קַדְמוֹנִי, קַדְמוֹן, פְּרִימוֹרְדְּיָאלִי, בְּרֵאשִׁיתִי",,,,,primordial ,0.0,,,,,,,,,,,,,,,,,,,,,,
promptly ,"מִיָּדִית, מִיָּד, לְלֹא דִּחוּי",,,,,promptly ,0.0,,,,,,,,,,,,,,,,,,,,,,
farcical ,"קוֹמִי, הִתּוּלִי, מְבַדֵּחַ",,,,,farcical ,0.0,,,,,,,,,,,,,,,,,,,,,,
denigrate ,"הִשְׁמִיץ, הִלְעִיז",,,,,denigrate ,0.0,,,,,,,,,,,,,,,,,,,,,,
contingent ,"מִכְסָה; נְצִיגוּת, נָצִיג; אֶפְשָׁרוּת, מִקְרִיּוּת",,,,,contingent ,0.0,,,,,,,,,,,,,,,,,,,,,,
resentful ,"רָגוּז, כָּעוּס",,,,,resentful ,0.0,,,,,,,,,,,,,,,,,,,,,,
inadequacy ,"אִי-הַתְאָמָה; לִקּוּי, פְּגִימוּת",,,,,inadequacy ,0.0,,,,,,,,,,,,,,,,,,,,,,
contend ,"נֶאֱבַק, הִתְמוֹדֵד; טָעַן, הִתְוַכֵּחַ",,,,,contend ,0.0,,,,,,,,,,,,,,,,,,,,,,
conceive,"הָגָה, הִרְהֵר; הִתְעַבְּרָה, הָרְתָה",,,,,conceive,0.0,,,,,,,,,,,,,,,,,,,,,,
pervade,"הִתְפַּשֵּׁט, חָדַר",,,,,pervade,0.0,,,,,,,,,,,,,,,,,,,,,,
compel ,"חִיֵּב, אִלֵּץ",,,,,compel ,1.0,,,,,,,,,,,,,,,,,,,,,,
imbue ,"הִשְׁרִישׁ, הֶחְדִּיר, הִטְמִיעַ; (נָדִיר) סָפַג",,,,,imbue ,0.0,,,,,,,,,,,,,,,,,,,,,,
respite,"הֲפוּגָה, הַפְסָקָה; מְנוּחָה, הִנָּפְשׁוּת; דְּחִיָּה, אַרְכָּה",,,,,respite,0.0,,,,,,,,,,,,,,,,,,,,,,
bestow ,"הֶעֱנִיק (מתנה, פרס)",,,,,bestow ,0.0,,,,,,,,,,,,,,,,,,,,,,
embody,"גִּלֵּם; כָּלַל, הֵכִיל",,,,,embody,0.0,,,,,,,,,,,,,,,,,,,,,,
cease,"הִפְסִיק, חָדַל",,,,,cease,0.0,,,,,,,,,,,,,,,,,,,,,,
resentment ,"תַּרְעֹמֶת, כַּעַס, טִינָה",,,,,resentment ,0.0,,,,,,,,,,,,,,,,,,,,,,
contempt,"בּוּז, זִלְזוּל, זִילוּת",,,,,contempt,0.0,,,,,,,,,,,,,,,,,,,,,,
diligently,"בהתמדה, בשקדנות",,,,,diligently,0.0,,,,,,,,,,,,,,,,,,,,,,
courtesy ,"אֲדִיבוּת, נִימוּס",,,,,courtesy ,0.0,,,,,,,,,,,,,,,,,,,,,,
virtuous,"מוּסָרִי, יָשָׁר, צַדִּיק, הָגוּן; בְּתוּלִי, טָהוֹר",,,,,virtuous,0.0,,,,,,,,,,,,,,,,,,,,,,
bereft,"נָטוּל, שָׁלוּל; שַׁכּוּל",,,,,bereft,1.0,,,,,,,,,,,,,,,,,,,,,,
degenerative,"מְנֻוָּן; נִוּוּנִי, דֶּגֶנֶרָטִיבִי",,,,,degenerative,0.0,,,,,,,,,,,,,,,,,,,,,,
prairie,עֲרָבָה,,,,,prairie,0.0,,,,,,,,,,,,,,,,,,,,,,
arid ,"צָחִיחַ, יָבֵשׁ, שָׁחוּן",,,,,arid ,0.0,,,,,,,,,,,,,,,,,,,,,,
thaw ,הַפְשָׁרָה,,,,,thaw ,0.0,,,,,,,,,,,,,,,,,,,,,,
dampen ,"הִרְטִיב; עִמְעֵם, שִׁכֵּךְ",,,,,dampen ,0.0,,,,,,,,,,,,,,,,,,,,,,
upholstery,רִפּוּד,,,,,upholstery,0.0,,,,,,,,,,,,,,,,,,,,,,
notorious ,יָדוּעַ לְשִׁמְצָה; (נָדִיר) מְפֻרְסָם,,,,,notorious ,0.0,,,,,,,,,,,,,,,,,,,,,,
dent,"גֻּמָּה, שֶׁקַע; פְּגִיעָה; רֹשֶׁם, חוֹתָם",,,,,dent,0.0,,,,,,,,,,,,,,,,,,,,,,
witty ,"פִּקֵּחַ, מְפֻלְפָּל, שָׁנוּן",,,,,witty ,0.0,,,,,,,,,,,,,,,,,,,,,,
delinquent ,עֲבַרְיָן,,,,,delinquent ,1.0,,,,,,,,,,,,,,,,,,,,,,
dismal ,"מְדַכֵּא, מְדַכְדֵּךְ; מַפְחִיד, אֵימְתָנִי",,,,,dismal ,0.0,,,,,,,,,,,,,,,,,,,,,,
dreary ,"עָצוּב, קוֹדֵר; מְעַיֵּף, מְשַׁעֲמֵם; צָחִיחַ",,,,,dreary ,0.0,,,,,,,,,,,,,,,,,,,,,,
brandish ,"נוֹפֵף, אִיֵּם",,,,,brandish ,0.0,,,,,,,,,,,,,,,,,,,,,,
scarce ,"נָדִיר, יְקַר הַמְּצִיאוּת; מְצֻמְצָם, מוּעָט, שאינו מספיק",,,,,scarce ,0.0,,,,,,,,,,,,,,,,,,,,,,
leery ,עַרְמוּמִי; (סְלֶנְג) חַשְׁדָנִי,,,,,leery ,0.0,,,,,,,,,,,,,,,,,,,,,,
crony ,"יָדִיד, חָבֵר",,,,,crony ,1.0,,,,,,,,,,,,,,,,,,,,,,
aptly ,"כָּרָאוּי, כַּיָּאוּת, כַּהֲלָכָה, באופן קולע",,,,,aptly ,0.0,,,,,,,,,,,,,,,,,,,,,,
bolster,"תָּמַךְ, חִזֵּק; הִגְבִּיהַּ",,,,,bolster,0.0,,,,,,,,,,,,,,,,,,,,,,
slough,"השקיע בבוץ; הִשִּׁיל, פָּשַׁט, הִשִּׁיר; נָטַשׁ, הִשְׁלִיךְ, נִפְטַר מ_",,,,,slough,0.0,,,,,,,,,,,,,,,,,,,,,,
egregious ,"שַׁעֲרוּרִיָּתִי, מֵבִישׁ",,,,,egregious ,0.0,,,,,,,,,,,,,,,,,,,,,,
grapevine ,גֶּפֶן; (בלשון הדיבור) חֲרֹשֶׁת שְׁמוּעוֹת,,,,,grapevine ,0.0,,,,,,,,,,,,,,,,,,,,,,
mow ,"כִּסֵּחַ, גָּזַם",,,,,mow ,0.0,,,,,,,,,,,,,,,,,,,,,,
differ ,נִבְדַּל; הִתְוַכֵּחַ,,,,,differ ,0.0,,,,,,,,,,,,,,,,,,,,,,
exacerbate ,"הֶחְמִיר, הֵרַע, הֶחְרִיף; עִצְבֵּן",,,,,exacerbate ,1.0,,,,,,,,,,,,,,,,,,,,,,
acquaintance ,"הֶכֵּרוּת, הִתְוַדְּעוּת; מַכָּר, מְיֻדָּע",,,,,acquaintance ,0.0,,,,,,,,,,,,,,,,,,,,,,
beckon ,"זִמֵּן, קָרָא",,,,,beckon ,0.0,,,,,,,,,,,,,,,,,,,,,,
impetus ,"דַּחַף, אִימְפּוּלְס; תַּמְרִיץ",,,,,impetus ,1.0,,,,,,,,,,,,,,,,,,,,,,
brandish,"נוֹפֵף, אִיֵּם",,,,,brandish,1.0,,,,,,,,,,,,,,,,,,,,,,
downtrodden ,"מְקֻפָּח, עָשׁוּק, מְדֻכָּא, נִרְדָּף",,,,,downtrodden ,0.0,,,,,,,,,,,,,,,,,,,,,,
vanity ,"יָהֳרָה, גַּאֲוָה, רְהַבְתָּנוּת; הֶבֶל",,,,,vanity ,0.0,,,,,,,,,,,,,,,,,,,,,,
demolish ,"הָרַס, מוֹטֵט",,,,,demolish ,0.0,,,,,,,,,,,,,,,,,,,,,,
shabby ,"בָּלוּי, מְרֻפָּט, מְמֹרָט; עָלוּב, נִתְעָב",,,,,shabby ,0.0,,,,,,,,,,,,,,,,,,,,,,
burst,"הִתְפָּרֵץ, פָּרַץ, בָּקַע; הִתְפּוֹצֵץ; פּוֹצֵץ; נִפְתַּח",,,,,burst,0.0,,,,,,,,,,,,,,,,,,,,,,
shudder ,"רָעַד, הִתְחַלְחֵל",,,,,shudder ,0.0,,,,,,,,,,,,,,,,,,,,,,
spleen,"טְחוֹל; דִּכָּאוֹן, מָרָה שְׁחֹרָה",,,,,spleen,0.0,,,,,,,,,,,,,,,,,,,,,,
vent ,"שִׁחְרֵר, הוֹצִיא; אִוְרֵר; פָּרַק (רגש כמו כעס), נתן פורקן לרגש, ""שִׁחְרֵר קִיטוֹר""",,,,,vent ,0.0,,,,,,,,,,,,,,,,,,,,,,
gist ,"עִקָּר, מַהוּת, תַּמְצִית",,,,,gist ,0.0,,,,,,,,,,,,,,,,,,,,,,
stellar ,כּוֹכָבִי; מצטיין,,,,,stellar ,0.0,,,,,,,,,,,,,,,,,,,,,,
delinquency ,"עֲבֵרָה, פֶּשַׁע; הַזְנָחָה; עֲבַרְיָנוּת",,,,,delinquency ,0.0,,,,,,,,,,,,,,,,,,,,,,
inflate ,נִפֵּחַ,,,,,inflate ,0.0,,,,,,,,,,,,,,,,,,,,,,
utmost ,מיטב היכולת,,,,,utmost ,0.0,,,,,,,,,,,,,,,,,,,,,,
contempt,"בּוּז, זִלְזוּל, זִילוּת",,,,,contempt,0.0,,,,,,,,,,,,,,,,,,,,,,
indulge ,"פִּנֵּק, עִנֵּג; הִתְעַנֵּג, הִתְפַּנֵּק; רִצָּה, סִפֵּק, נַעֲנָה, הִשְׂבִּיעַ אֶת רְצוֹנוֹ (של מישהו); הִתְמַכֵּר",,,,,indulge ,0.0,,,,,,,,,,,,,,,,,,,,,,
vice ,"מִדָּה רָעָה, חִסָּרוֹן; עָווֹן, עֲבֵרָה, פֶּשַׁע; הֶפְקֵרוּת, סְטִיָּה, סְטִיָּה מִינִית; (בריטי) מֶלְחָצַיִם; (בלשון הדיבור) סְגָן",,,,,vice ,0.0,,,,,,,,,,,,,,,,,,,,,,
martyrdom ,"מוֹת קְדוֹשִׁים, מותו של הקדוש המעונה; סֵבֶל, עִנּוּי",,,,,martyrdom ,0.0,,,,,,,,,,,,,,,,,,,,,,
stave off,"הָדַף, הִרְחִיק, דָּחָה; מָנַע, גרם לכך שדבר מסוים לא יתרחש",,,,,stave off,0.0,,,,,,,,,,,,,,,,,,,,,,
rectify ,תִּקֵּן,,,,,rectify ,0.0,,,,,,,,,,,,,,,,,,,,,,
cultivate ,"עִבֵּד; טִפֵּחַ, פִּתֵּחַ",,,,,cultivate ,0.0,,,,,,,,,,,,,,,,,,,,,,
bide ,"(מְיֻשָּׁן) נִשְׁאַר, הִמְשִׁיךְ, הִתְמִיד; (מְיֻשָּׁן) הִתְגּוֹרֵר; (מְיֻשָּׁן) סָבַל, נָשָׂא",,,,,bide ,0.0,,,,,,,,,,,,,,,,,,,,,,
dissipated ,"מתהולל, משחית",,,,,dissipated ,0.0,,,,,,,,,,,,,,,,,,,,,,
chasm ,"תְּהוֹם, בְּקִיעַ",,,,,chasm ,1.0,,,,,,,,,,,,,,,,,,,,,,
travesty ,"לַעַג, קֶלֶס, פָּרוֹדְיָה",,,,,travesty ,0.0,,,,,,,,,,,,,,,,,,,,,,
reciprocal ,"הֲדָדִי, דּוּ-צְדָדִי; הָפְכִּי",,,,,reciprocal ,0.0,,,,,,,,,,,,,,,,,,,,,,
bolster ,"תָּמַךְ, חִזֵּק; הִגְבִּיהַּ",,,,,bolster ,0.0,,,,,,,,,,,,,,,,,,,,,,
pristine ,"מֻשְׁלָם, לְלֹא רְבָב; במצבו המקורי; קַדְמוֹנִי, רִאשׁוֹנִי",,,,,pristine ,0.0,,,,,,,,,,,,,,,,,,,,,,
inadequacy ,"אִי-הַתְאָמָה; לִקּוּי, פְּגִימוּת",,,,,inadequacy ,1.0,,,,,,,,,,,,,,,,,,,,,,
appalling ,"מַחְרִיד, מַזְוִיעַ, מְזַעֲזֵעַ",,,,,appalling ,0.0,,,,,,,,,,,,,,,,,,,,,,
condemn ,"גִּנָּה; הִרְשִׁיעַ, דָּן",,,,,condemn ,0.0,,,,,,,,,,,,,,,,,,,,,,
quell ,"דִּכֵּא, שִׁכֵּךְ, הִכְנִיעַ; הִשְׁקִיט",,,,,quell ,0.0,,,,,,,,,,,,,,,,,,,,,,
torment ,"סֵבֶל, עִנּוּי, יִסּוּרִים",,,,,torment ,0.0,,,,,,,,,,,,,,,,,,,,,,
wither ,"נָבַל, קָמַל; נֶחְלַשׁ, דָּעַךְ",,,,,wither ,1.0,,,,,,,,,,,,,,,,,,,,,,
dismal ,"מְדַכֵּא, מְדַכְדֵּךְ; מַפְחִיד, אֵימְתָנִי",,,,,dismal ,1.0,,,,,,,,,,,,,,,,,,,,,,
rigged ,"מְעֻוָּת, מְסֻלָּף, בִּלְתִּי הוֹגֵן",,,,,rigged ,0.0,,,,,,,,,,,,,,,,,,,,,,
denigrate ,"הִשְׁמִיץ, הִלְעִיז",,,,,denigrate ,0.0,,,,,,,,,,,,,,,,,,,,,,
omnipresent ,שנמצא בכל המקומות בו-זמנית,,,,,omnipresent ,0.0,,,,,,,,,,,,,,,,,,,,,,
impeccable ,"לְלֹא רְבָב, מֻשְׁלָם",,,,,impeccable ,0.0,,,,,,,,,,,,,,,,,,,,,,
irredeemable ,"שלא ניתן לפדות אותו (כשנאמר על שטר חוב, מניות וכדומה); שלא ניתן להמיר אותו למטבעות (כשנאמר על כסף נייר); חֲסַר תַּקָּנָה",,,,,irredeemable ,0.0,,,,,,,,,,,,,,,,,,,,,,
obliterate ,"הִשְׁמִיד, הִכְחִיד, הֶחְרִיב",,,,,obliterate ,0.0,,,,,,,,,,,,,,,,,,,,,,
mitt,כְּפָפָה (שאינה מכסה את האצבעות),,,,,mitt,0.0,,,,,,,,,,,,,,,,,,,,,,
endeavor ,"מַאֲמָץ, נִסָּיוֹן",,,,,endeavor ,1.0,,,,,,,,,,,,,,,,,,,,,,
bigot ,"קַנַּאי, אדם הדבֵק באופן קיצוני במשהו או במישהו, אדם חסר סובלנות וצר אופקים; גִּזְעָן",,,,,bigot ,0.0,,,,,,,,,,,,,,,,,,,,,,
leisure ,פְּנַאי,,,,,leisure ,0.0,,,,,,,,,,,,,,,,,,,,,,
entice ,"פִּתָּה, שִׁדֵּל, הִדִּיחַ",,,,,entice ,0.0,,,,,,,,,,,,,,,,,,,,,,
stray ,תָּעָה,,,,,stray ,0.0,,,,,,,,,,,,,,,,,,,,,,
triad ,"שְׁלִישִׁיָּה, טְרִיוֹ, שְׁלָשָׁה",,,,,triad ,0.0,,,,,,,,,,,,,,,,,,,,,,
afoot ,"בפעולה, מתרחש; רַגְלִי",,,,,afoot ,0.0,,,,,,,,,,,,,,,,,,,,,,
devour ,"טָרַף, זָלַל",,,,,devour ,1.0,,,,,,,,,,,,,,,,,,,,,,
inclined,נוֹטֶה,,,,,inclined,0.0,,,,,,,,,,,,,,,,,,,,,,
toss ,"זָרַק, הֵטִיל",,,,,toss ,1.0,,,,,,,,,,,,,,,,,,,,,,
pucks,דִּיסְקוּס,,,,,pucks,1.0,,,,,,,,,,,,,,,,,,,,,,
hurl ,"הִשְׁלִיךְ, הֵטִיל, הֵטִיחַ; צָעַק",,,,,hurl ,0.0,,,,,,,,,,,,,,,,,,,,,,
rectify ,תִּקֵּן,,,,,rectify ,0.0,,,,,,,,,,,,,,,,,,,,,,
derision ,"לַעַג, לִגְלוּג, בּוּז",,,,,derision ,0.0,,,,,,,,,,,,,,,,,,,,,,
denigrate ,"הִשְׁמִיץ, הִלְעִיז",,,,,denigrate ,0.0,,,,,,,,,,,,,,,,,,,,,,
judicious ,"נָבוֹן, שָׁקוּל; בעל שיקול דעת; שנעשה מתוך שיקול דעת",,,,,judicious ,0.0,,,,,,,,,,,,,,,,,,,,,,
nook ,"פִּנָּה; מִפְלָט, מִקְלָט",,,,,nook ,0.0,,,,,,,,,,,,,,,,,,,,,,
cranny,"סֶדֶק, בְּקִיעַ; נְקִיק",,,,,cranny,0.0,,,,,,,,,,,,,,,,,,,,,,
eradicate ,"מִגֵּר, שֵׁרֵשׁ, עָקַר מִן הַשֹּׁרֶשׁ, הִשְׁמִיד, הִכְרִית",,,,,eradicate ,0.0,,,,,,,,,,,,,,,,,,,,,,
shirk ,"הִשְׁתַּמֵּט, הִתְחַמֵּק",,,,,shirk ,0.0,,,,,,,,,,,,,,,,,,,,,,
scarce,"נָדִיר, יְקַר הַמְּצִיאוּת; מְצֻמְצָם, מוּעָט, שאינו מספיק",,,,,scarce,0.0,,,,,,,,,,,,,,,,,,,,,,
triage ,"טְרִיאָז', מִיוּן רִאשׁוֹנִי",,,,,triage ,0.0,,,,,,,,,,,,,,,,,,,,,,
perversely ,"באופן סוטה; בעקשנות, להכעיס",,,,,perversely ,1.0,,,,,,,,,,,,,,,,,,,,,,
habitual ,"רָגִיל, שִׁגְרָתִי",,,,,habitual ,0.0,,,,,,,,,,,,,,,,,,,,,,
tack ,"נַעַץ; תַּךְ, תֶּפֶר; (ספנות) הזווית הקדמית התחתונה של המפרש; דְּבִיקוּת",,,,,tack ,0.0,,,,,,,,,,,,,,,,,,,,,,
scour ,"נִקּוּי, מֵרוּק, צִחְצוּחַ, קִרְצוּף",,,,,scour ,0.0,,,,,,,,,,,,,,,,,,,,,,
Psyche ,"נֶפֶשׁ, נְשָׁמָה, פְּסִיכֶה",,,,,Psyche ,0.0,,,,,,,,,,,,,,,,,,,,,,
obstinate ,"עַקְשָׁן, עִקֵּשׁ; נֻקְשֶׁה, שאינו מודה בטעויות",,,,,obstinate ,0.0,,,,,,,,,,,,,,,,,,,,,,
acolyte ,"שַׁמָּשׁ, שָׁרָת (בכנסייה); שׁוּלְיָה, חָנִיךְ, טִירוֹן",,,,,acolyte ,0.0,,,,,,,,,,,,,,,,,,,,,,
benevolent ,"נָדִיב, טוֹב לֵב",,,,,benevolent ,0.0,,,,,,,,,,,,,,,,,,,,,,
apprehension ,"לְכִידָה, תְּפִיסָה, מַאֲסָר; הֲבָנָה; חֲשָׁשׁ, דְּאָגָה",,,,,apprehension ,0.0,,,,,,,,,,,,,,,,,,,,,,
immense ,"כַּבִּיר, עָצוּם, אַדִּיר; לְלֹא גְּבוּל; (בלשון הדיבור) מְצֻיָּן",,,,,immense ,0.0,,,,,,,,,,,,,,,,,,,,,,
abysmal ,"תְּהוֹמִי, עָמֹק; (בלשון הדיבור) רע מאד, עגום",,,,,abysmal ,0.0,,,,,,,,,,,,,,,,,,,,,,
distill ,"זִקֵּק; טִפְטֵף, הִזְלִיף",,,,,distill ,1.0,,,,,,,,,,,,,,,,,,,,,,
stoicism,"סְטוֹאִיּוּת, שַׁלְוַת נֶפֶשׁ, שְׁלִיטָה עַצְמִית, אִפּוּק",,,,,stoicism,0.0,,,,,,,,,,,,,,,,,,,,,,
flounder ,"התקשה לנוע, נע בכבדות ובצורה מגושמת; פִּרְכֵּס, הִתְחַבֵּט",,,,,flounder ,0.0,,,,,,,,,,,,,,,,,,,,,,
indulgent ,"מפייס, סוֹבְלָנִי, וַתְרָנִי; שמספק את התאווה (של מישהו)",,,,,indulgent ,0.0,,,,,,,,,,,,,,,,,,,,,,
burgeon ,"נָבַט, צִמֵּחַ, הִתְפַּתֵּחַ",,,,,burgeon ,0.0,,,,,,,,,,,,,,,,,,,,,,
abundant ,"שׁוֹפֵעַ, מָלֵא, גָּדוּשׁ, מְשֻׁפָּע; מצוי בשפע",,,,,abundant ,1.0,,,,,,,,,,,,,,,,,,,,,,
hone ,"הִשְׁחִיז, חִדֵּד",,,,,hone ,0.0,,,,,,,,,,,,,,,,,,,,,,
frivolity ,"אִוֶּלֶת, טִפְּשׁוּת",,,,,frivolity ,1.0,,,,,,,,,,,,,,,,,,,,,,
hinder ,"מָנַע, עִכֵּב",,,,,hinder ,0.0,,,,,,,,,,,,,,,,,,,,,,
diligence ,"שַׁקְדָנוּת, הַתְמָדָה, חָרִיצוּת",,,,,diligence ,0.0,,,,,,,,,,,,,,,,,,,,,,
aloof ,"מִן הַצַּד, מִנֶּגֶד, מרחוק, מתוך ריחוק",,,,,aloof ,0.0,,,,,,,,,,,,,,,,,,,,,,
infiltrate ,"הִסְתַּנֵּן, חָדַר; הֶחְדִּיר",,,,,infiltrate ,0.0,,,,,,,,,,,,,,,,,,,,,,
squirm ,הִתְפַּתְּלוּת,,,,,squirm ,0.0,,,,,,,,,,,,,,,,,,,,,,
shrug ,מָשַׁךְ בַּכְּתֵפַיִם,,,,,shrug ,0.0,,,,,,,,,,,,,,,,,,,,,,
defer ,"עִכֵּב, דָּחָה; שָׁאַל אֶת פִּיו (של מישהו), נָטַל עֵצָה (ממישהו)",,,,,defer ,0.0,,,,,,,,,,,,,,,,,,,,,,
distraught ,מֻטְרָד; (נָדִיר) מְשֻׁגָּע,,,,,distraught ,0.0,,,,,,,,,,,,,,,,,,,,,,
inconsolable ,שלא ניתן לנחם אותו,,,,,inconsolable ,0.0,,,,,,,,,,,,,,,,,,,,,,
enslave ,שִׁעְבֵּד,,,,,enslave ,0.0,,,,,,,,,,,,,,,,,,,,,,
repercussion ,הַשְׁלָכָה; הִדְהוּד,,,,,repercussion ,0.0,,,,,,,,,,,,,,,,,,,,,,
promiscuity ,"הֶפְקֵרוּת, הוֹלֵלוּת; עִרְבּוּב, עֵרוּב",,,,,promiscuity ,0.0,,,,,,,,,,,,,,,,,,,,,,
scarce ,"נָדִיר, יְקַר הַמְּצִיאוּת; מְצֻמְצָם, מוּעָט, שאינו מספיק",,,,,scarce ,0.0,,,,,,,,,,,,,,,,,,,,,,
induce,"שִׁכְנֵעַ, הִשְׁפִּיעַ; גָּרַם; הִשְׁרָה, יצר השראה חשמלית",,,,,induce,0.0,,,,,,,,,,,,,,,,,,,,,,
insinuate ,"רָמַז, רִמֵּז; הִתְגַּנֵּב, הִסְתַּנֵּן, הִתְבָּרֵג",,,,,insinuate ,0.0,,,,,,,,,,,,,,,,,,,,,,
condescension ,הִתְנַשְּׂאוּת; מחילה על כבוד,,,,,condescension ,1.0,,,,,,,,,,,,,,,,,,,,,,
quintessential ,"מוֹפְתִי, מֻשְׁלָם, הטוב בסוגו; טִיפּוּסִי, אָפְיָנִי, קְלָסִי",,,,,quintessential ,0.0,,,,,,,,,,,,,,,,,,,,,,
idiosyncrasy ,"אידיוסינקרציה, נטייה או התנהגות ייחודית של מישהו",,,,,idiosyncrasy ,0.0,,,,,,,,,,,,,,,,,,,,,,
erratic ,"בִּלְתִּי יַצִּיב, בִּלְתִּי צָפוּי",,,,,erratic ,0.0,,,,,,,,,,,,,,,,,,,,,,
entail ,"גָּרַר, הוֹבִיל, הֵבִיא לִידֵי; הִצְרִיךְ, חִיֵּב",,,,,entail ,0.0,,,,,,,,,,,,,,,,,,,,,,
introspection ,"אִינְטְרוֹסְפֶּקְצְיָה, בחינה עצמית",,,,,introspection ,0.0,,,,,,,,,,,,,,,,,,,,,,
conjure ,"הֶעֱלָה בָּאוֹב, גרם למשהו או למישהו להופיע בדרך של כישוף; הֶעֱלָה (זכרונות, רשמים וכדומה)",,,,,conjure ,0.0,,,,,,,,,,,,,,,,,,,,,,
meek ,"עָנָו, שְׁפַל רוּחַ, צָנוּעַ; כָּנוּעַ, צַיְתָנִי",,,,,meek ,0.0,,,,,,,,,,,,,,,,,,,,,,
nebulous ,מְעֻרְפָּל; שקשור או דומה לערפילית,,,,,nebulous ,0.0,,,,,,,,,,,,,,,,,,,,,,
subtle ,"מְעֻדָּן, עָדִין, סוּבְּטִילִי, דַּק; מְתֻחְכָּם, מְחֻכָּם, שָׁנוּן",,,,,subtle ,0.0,,,,,,,,,,,,,,,,,,,,,,
faze ,"הִדְאִיג, הִטְרִיד",,,,,faze ,0.0,,,,,,,,,,,,,,,,,,,,,,
shortcoming ,"מִגְרַעַת, חִסָּרוֹן, לִקּוּי, פְּגָם, פְּסוּל",,,,,shortcoming ,0.0,,,,,,,,,,,,,,,,,,,,,,
vindication ,"זִכּוּי; צִדּוּק, הַצְדָּקָה; הוֹכָחָה",,,,,vindication ,0.0,,,,,,,,,,,,,,,,,,,,,,
succumb ,נִכְנַע; מֵת,,,,,succumb ,0.0,,,,,,,,,,,,,,,,,,,,,,
encompass ,"הִקִּיף, כִּתֵּר; גָּרַם, יָצַר; כָּלַל",,,,,encompass ,0.0,,,,,,,,,,,,,,,,,,,,,,
scathing ,"מַזִּיק, מַכְאִיב, פּוֹגְעָנִי",,,,,scathing ,0.0,,,,,,,,,,,,,,,,,,,,,,
queasy,שמרגיש בחילה; מַבְחִיל,,,,,queasy,0.0,,,,,,,,,,,,,,,,,,,,,,
hunch ,"תְּחוּשַׁת [הַרְגָּשַׁת] בֶּטֶן, קוֹל פְּנִימִי; חֲטוֹטֶרֶת, גִּבֶּנֶת; גּוּשׁ",,,,,hunch ,0.0,,,,,,,,,,,,,,,,,,,,,,
tantrum ,התקף זעם,,,,,tantrum ,0.0,,,,,,,,,,,,,,,,,,,,,,
stifle,"חָנַק, הֶחְנִיק, הִשְׁנִיק; רָמַס, הָרַס",,,,,stifle,0.0,,,,,,,,,,,,,,,,,,,,,,
revel ,"הִתְהוֹלֵל, חָגַג",,,,,revel ,0.0,,,,,,,,,,,,,,,,,,,,,,
grueling ,"מְפָרֵךְ, מַתִּישׁ, מְעַיֵּף, מַכְבִּיד",,,,,grueling ,0.0,,,,,,,,,,,,,,,,,,,,,,
myriad ,"עָצוּם, בלתי-ספיר",,,,,myriad ,0.0,,,,,,,,,,,,,,,,,,,,,,
mortify ,"הִשְׁפִּיל, הֵבִיךְ; הִרְקִיב, נָמַק",,,,,mortify ,0.0,,,,,,,,,,,,,,,,,,,,,,
chisel,"פִּסֵּל, סִתֵּת",,,,,chisel,1.0,,,,,,,,,,,,,,,,,,,,,,
stifling ,מַחְנִיק,,,,,stifling ,0.0,,,,,,,,,,,,,,,,,,,,,,
pent-up,"עָצוּר, כָּלוּא",,,,,pent-up,0.0,,,,,,,,,,,,,,,,,,,,,,
gonorrhea ,זִיבָה,,,,,gonorrhea ,1.0,,,,,,,,,,,,,,,,,,,,,,
contrive ,"הִמְצִיא, תִּכְנֵן; תִּחְבֵּל",,,,,contrive ,0.0,,,,,,,,,,,,,,,,,,,,,,
gush ,"זֶרֶם, שֶׁטֶף, פֶּרֶץ",,,,,gush ,0.0,,,,,,,,,,,,,,,,,,,,,,
solicit ,"שִׁדֵּל, הִדִּיחַ; הִפְצִיר, הִתְחַנֵּן",,,,,solicit ,0.0,,,,,,,,,,,,,,,,,,,,,,
infatuated,"מְאֹהָב, מֻקְסָם, מְסֻנְוָר, ""דָּלוּק על""",,,,,infatuated,1.0,,,,,,,,,,,,,,,,,,,,,,
provision ,"אַסְפָּקָה, הַסְפָּקָה; אֶמְצָעִי; תְּנַאי, הַתְנָיָה, הוֹרָאָה (כסעיף במסמך רשמי)",,,,,provision ,0.0,,,,,,,,,,,,,,,,,,,,,,
reciprocal,"הֲדָדִי, דּוּ-צְדָדִי; הָפְכִּי",,,,,reciprocal,0.0,,,,,,,,,,,,,,,,,,,,,,
devoid ,"חָסֵר, נָטוּל, מְשֻׁלָּל, רֵיק (ממשהו)",,,,,devoid ,0.0,,,,,,,,,,,,,,,,,,,,,,
berate ,"נָזַף, גָּעַר",,,,,berate ,0.0,,,,,,,,,,,,,,,,,,,,,,
trample ,"רְמִיסָה, דְּרִיסָה, דְּרִיכָה",,,,,trample ,0.0,,,,,,,,,,,,,,,,,,,,,,
adolescence ,"גִּיל הַהִתְבַּגְּרוּת, גִּיל הַטִּפֵּשׁ עֶשְׂרֵה, נַעֲרוּת, בַּחֲרוּת",,,,,adolescence ,0.0,,,,,,,,,,,,,,,,,,,,,,
permeate ,"חָדַר, הִתְפַּשֵּׁט, חִלְחֵל",,,,,permeate ,0.0,,,,,,,,,,,,,,,,,,,,,,
peculiar ,"מוּזָר, יוֹצֵא דֹּפֶן; מְיֻחָד; יִחוּדִי",,,,,peculiar ,0.0,,,,,,,,,,,,,,,,,,,,,,
enticing,מְפַתֶּה,,,,,enticing,0.0,,,,,,,,,,,,,,,,,,,,,,
pat ,טְפִיחָה; לִטּוּף; צליל נקישה; גוש מרובע ושטוח (של חמאה),,,,,pat ,0.0,,,,,,,,,,,,,,,,,,,,,,
recede ,"נָסוֹג; הִתְפּוֹגֵג, הִתְרַחֵק",,,,,recede ,1.0,,,,,,,,,,,,,,,,,,,,,,
camaraderie ,"חֲבֵרוּת, אַחֲוָה",,,,,camaraderie ,0.0,,,,,,,,,,,,,,,,,,,,,,
congruent ,"הוֹלֵם, חוֹפֵף, עָקִיב",,,,,congruent ,1.0,,,,,,,,,,,,,,,,,,,,,,
irk ,"עִצְבֵּן, הִרְגִּיז",,,,,irk ,0.0,,,,,,,,,,,,,,,,,,,,,,
lash ,הַצְלָפָה; שׁוֹט; (קיצור) רִיס,,,,,lash ,0.0,,,,,,,,,,,,,,,,,,,,,,
figment ,"הַמְצָאָה, בְּדָיָה, בְּדוּתָה",,,,,figment ,0.0,,,,,,,,,,,,,,,,,,,,,,
lofty ,"נַעֲלֶה, נִשְׂגָּב; מִתְנַשֵּׂא, יָהִיר",,,,,lofty ,0.0,,,,,,,,,,,,,,,,,,,,,,
begrudge ,"נָטַר [שָׁמַר] טִינָה (למישהו), קִנֵּא",,,,,begrudge ,0.0,,,,,,,,,,,,,,,,,,,,,,
convey,"מָסַר, הֶעֱבִיר",,,,,convey,0.0,,,,,,,,,,,,,,,,,,,,,,
capitalize ,(כספים) הִוֵּן; הֵפִיק תּוֹעֶלֶת (ממשהו); השתמש באות גדולה,,,,,capitalize ,0.0,,,,,,,,,,,,,,,,,,,,,,
cater ,סִפֵּק,,,,,cater ,0.0,,,,,,,,,,,,,,,,,,,,,,
oblivious ,"שַׁכְחָן; שאינו מודע למה שקורה סביבו, שאינו חש ב_",,,,,oblivious ,0.0,,,,,,,,,,,,,,,,,,,,,,
scrutiny,"בְּחִינָה, בְּדִיקָה (קפדנית); חֲקִירָה, דְּרִישָׁה וַחֲקִירָה",,,,,scrutiny,0.0,,,,,,,,,,,,,,,,,,,,,,
retail ,"קִמְעוֹנִי, קִמְעוֹנָאִי",,,,,retail ,0.0,,,,,,,,,,,,,,,,,,,,,,
unkempt ,"פָּרוּעַ, סָתוּר; מְרֻשָּׁל; (מְיֻשָּׁן) גַּס",,,,,unkempt ,0.0,,,,,,,,,,,,,,,,,,,,,,
impeccable ,"לְלֹא רְבָב, מֻשְׁלָם",,,,,impeccable ,0.0,,,,,,,,,,,,,,,,,,,,,,
soar ,"הִמְרִיא, הִרְקִיעַ, הֶאֱמִיר, הִתְרוֹמֵם, עָלָה; הִתְנַשֵּׂא, בלט לגובה",,,,,soar ,0.0,,,,,,,,,,,,,,,,,,,,,,
promiscuous ,"מֻפְקָר, פָּרוּץ; מְעֻרְבָּב, מְעֻרְבָּל, מְעֹרָב; מִקְרִי, אַגָּבִי",,,,,promiscuous ,0.0,,,,,,,,,,,,,,,,,,,,,,
assortment ,"מִגְוָן, מִבְחָר",,,,,assortment ,0.0,,,,,,,,,,,,,,,,,,,,,,
condescending ,מִתְנַשֵּׂא,,,,,condescending ,1.0,,,,,,,,,,,,,,,,,,,,,,
vindicate ,"vindicate verb שמור vindicated, has vindicated, is vindicating, vindicates זִכָּה, צִדֵּק; הִצְדִּיק; טָעַן, הֵגֵן",,,,,vindicate ,1.0,,,,,,,,,,,,,,,,,,,,,,
caveat ,"אַזְהָרָה, הוראה או הצעה להימנע מפעולה מסוימת; הִסְתַּיְּגוּת, סִיּוּג, הבהרת משמעות למניעת אי-הבנה; (משפטים) הפסקת הליכים משפטיים עד לשמיעת העותר",,,,,caveat ,0.0,,,,,,,,,,,,,,,,,,,,,,
timid ,בַּיְשָׁן,,,,,timid ,0.0,,,,,,,,,,,,,,,,,,,,,,
meekly ,"בענווה, בצניעות; בהכנעה, בצייתנות",,,,,meekly ,0.0,,,,,,,,,,,,,,,,,,,,,,
enmesh ,"לָכַד, סִבֵּךְ",,,,,enmesh ,0.0,,,,,,,,,,,,,,,,,,,,,,
keen ,"נִלְהָב; חַד; פִּקֵּחַ, נָבוֹן, מְמֻלָּח; חָרִיף; (סְלֶנְג) מְצֻיָּן",,,,,keen ,0.0,,,,,,,,,,,,,,,,,,,,,,
abyss ,"תְּהוֹם, מְצוּלָה, מַעֲמַקִּים; שְׁאוֹל",,,,,abyss ,1.0,,,,,,,,,,,,,,,,,,,,,,
bewildered ,מְבֻלְבָּל,,,,,bewildered ,0.0,,,,,,,,,,,,,,,,,,,,,,
prone,שרוע עם פניו כלפי מטה; נוֹטֶה ל_,,,,,prone,1.0,,,,,,,,,,,,,,,,,,,,,,
groom ,"טִפֵּחַ, טִפֵּל",,,,,groom ,0.0,,,,,,,,,,,,,,,,,,,,,,
averse ,"סוֹלֵד, מתנגד",,,,,averse ,0.0,,,,,,,,,,,,,,,,,,,,,,
swagger ,"התהלך בביטחון עצמי רב, התהלך ביהירות; הִתְרַבְרֵב, ""הִשְׁוִיץ""",,,,,swagger ,0.0,,,,,,,,,,,,,,,,,,,,,,
lukewarm ,פּוֹשֵׁר,,,,,lukewarm ,0.0,,,,,,,,,,,,,,,,,,,,,,
afflict ,"יִסֵּר, הִכְאִיב, אִמְלֵל",,,,,afflict ,0.0,,,,,,,,,,,,,,,,,,,,,,
slender ,"רָזֶה, צָנוּם, דַּק; דַּק גֵּו; חָלוּשׁ, רָעוּעַ",,,,,slender ,0.0,,,,,,,,,,,,,,,,,,,,,,
contrived ,"מְתֻכְנָן, מְכֻוָּן; מְעֻשֶּׂה, מְאֻלָּץ, מְלָאכוּתִי",,,,,contrived ,0.0,,,,,,,,,,,,,,,,,,,,,,
due ,חוֹב,,,,,due ,1.0,,,,,,,,,,,,,,,,,,,,,,
prissy ,"(בלשון הדיבור) דַּקְדְּקָן, קפדן יתר על המידה; מִתְחַסֵּד, צַדְקָנִי, חָסוּד",,,,,prissy ,0.0,,,,,,,,,,,,,,,,,,,,,,
pompous,"יָהִיר, נָפוּחַ, גַּאַוְתָנִי, שַׁחְצָנִי",,,,,pompous,0.0,,,,,,,,,,,,,,,,,,,,,,
devoid ,"חָסֵר, נָטוּל, מְשֻׁלָּל, רֵיק (ממשהו)",,,,,devoid ,0.0,,,,,,,,,,,,,,,,,,,,,,
ostracism ,"נִדּוּי, חֵרֶם; (ביוון העתיקה) הַגְלָיָה",,,,,ostracism ,1.0,,,,,,,,,,,,,,,,,,,,,,
culprit ,"נֶאֱשָׁם, עֲבַרְיָן, אָשֵׁם; הגורם או המקור לבעיה",,,,,culprit ,0.0,,,,,,,,,,,,,,,,,,,,,,
stutter ,גִּמְגּוּם,,,,,stutter ,0.0,,,,,,,,,,,,,,,,,,,,,,
conundrum ,חִידָה; בְּעָיָה קשה,,,,,conundrum ,0.0,,,,,,,,,,,,,,,,,,,,,,
disgruntled ,"מְמֻרְמָר, מְתֻסְכָּל, מְאֻכְזָב",,,,,disgruntled ,0.0,,,,,,,,,,,,,,,,,,,,,,
fickle,"הֲפַכְפַּךְ, בִּלְתִּי יַצִּיב",,,,,fickle,0.0,,,,,,,,,,,,,,,,,,,,,,
pervade ,"הִתְפַּשֵּׁט, חָדַר",,,,,pervade ,0.0,,,,,,,,,,,,,,,,,,,,,,
impeccable ,"לְלֹא רְבָב, מֻשְׁלָם",,,,,impeccable ,0.0,,,,,,,,,,,,,,,,,,,,,,
propensity,"נְטִיָּה, זִקָּה, מְשִׁיכָה",,,,,propensity,0.0,,,,,,,,,,,,,,,,,,,,,,
gratify ,"הִשְׂבִּיעַ אֶת רְצוֹנוֹ (של מישהו), רִצָּה",,,,,gratify ,0.0,,,,,,,,,,,,,,,,,,,,,,
tedious ,"מְעַיֵּף, מֵעִיק, מְשַׁעֲמֵם",,,,,tedious ,0.0,,,,,,,,,,,,,,,,,,,,,,
competent ,"כָּשִׁיר, מַתְאִים, מְסֻגָּל",,,,,competent ,0.0,,,,,,,,,,,,,,,,,,,,,,
hinder ,"מָנַע, עִכֵּב",,,,,hinder ,0.0,,,,,,,,,,,,,,,,,,,,,,
enrapt ,מְרוֹמָם,,,,,enrapt ,0.0,,,,,,,,,,,,,,,,,,,,,,
mundane ,"יוֹם-יוֹמִי, שִׁגְרָתִי, רָגִיל, בָּנָלִי; גַּשְׁמִי, אַרְצִי",,,,,mundane ,0.0,,,,,,,,,,,,,,,,,,,,,,
fatigue,"עֲיֵפוּת, לֵאוּת, תְּשִׁישׁוּת; עבודות רס""ר",,,,,fatigue,0.0,,,,,,,,,,,,,,,,,,,,,,
caveat ,"אַזְהָרָה, הוראה או הצעה להימנע מפעולה מסוימת; הִסְתַּיְּגוּת, סִיּוּג, הבהרת משמעות למניעת אי-הבנה; (משפטים) הפסקת הליכים משפטיים עד לשמיעת העותר",,,,,caveat ,0.0,,,,,,,,,,,,,,,,,,,,,,
revamp ,"שִׁפֵּץ, חִדֵּשׁ, שִׁקֵּם",,,,,revamp ,0.0,,,,,,,,,,,,,,,,,,,,,,
latch ,"הִבְרִיחַ, נָעַל, סָגַר",,,,,latch ,0.0,,,,,,,,,,,,,,,,,,,,,,
derogatory ,"מַשְׁפִּיל, מַעֲלִיב",,,,,derogatory ,0.0,,,,,,,,,,,,,,,,,,,,,,
deter ,הִרְתִּיעַ,,,,,deter ,0.0,,,,,,,,,,,,,,,,,,,,,,
overt,"פָּתוּחַ, גָּלוּי, נִרְאֶה לָעַיִן; מְכֻוָּן, מְתֻכְנָן",,,,,overt,0.0,,,,,,,,,,,,,,,,,,,,,,
banter ,הִתְלוֹצֵץ,,,,,banter ,0.0,,,,,,,,,,,,,,,,,,,,,,
elicit ,"הוֹצִיא, הֵפִיק",,,,,elicit ,0.0,,,,,,,,,,,,,,,,,,,,,,
rapport ,"מערכת יחסים מבינה ואוהדת, יחסי ידידות",,,,,rapport ,0.0,,,,,,,,,,,,,,,,,,,,,,
innuendo ,רְמִיזָה,,,,,innuendo ,0.0,,,,,,,,,,,,,,,,,,,,,,
perm ,"פֶּרְמָנֶנְט, סִלְסוּל תְּמִידִי",,,,,perm ,0.0,,,,,,,,,,,,,,,,,,,,,,
arouse ,"עוֹרֵר, דִּרְבֵּן",,,,,arouse ,0.0,,,,,,,,,,,,,,,,,,,,,,
incessant ,"תְּמִידִי, בִּלְתִּי פּוֹסֵק",,,,,incessant ,0.0,,,,,,,,,,,,,,,,,,,,,,
harp ,פרט על נבל,,,,,harp ,0.0,,,,,,,,,,,,,,,,,,,,,,
inflection ,"(דִּקְדּוּק) הַטָּיָה; נְטִיָּה, פָּרָדִיגְמָה",,,,,inflection ,0.0,,,,,,,,,,,,,,,,,,,,,,
stilted,"(כשנאמר על סגנון) רִשְׁמִי, פוֹרְמָלִי; מְנֻפָּח, מְאֻלָּץ; רְהַבְתָּנִי; נֻקְשֶׁה; שמוגבה על קביים",,,,,stilted,0.0,,,,,,,,,,,,,,,,,,,,,,
drab ,"מְרֻפָּט, בָּלוּי; חַדְגּוֹנִי, חֲסַר עִנְיָן",,,,,drab ,0.0,,,,,,,,,,,,,,,,,,,,,,
lackadaisical,"חסר-חיים, חסר-חיוניות; עָצֵל, נִרְפֶּה, בַּטְלָנִי, הוֹזֶה",,,,,lackadaisical,0.0,,,,,,,,,,,,,,,,,,,,,,
thread,"חוּט, פְּתִיל, סִיב; (אינטרנט) שִׁרְשׁוּר, מקבץ מסרים, שיח וירטואלי רב-משתתפים בנושא מסוים; (מחשבים) תהליכון, תת-תהליך שרץ במסגרת תהליך ראשי (process); תַּבְרִיג; רעיון מקשר, רֶצֶף (של מחשבות, נושאים וכו')",,,,,thread,0.0,,,,,,,,,,,,,,,,,,,,,,
tidal ,של גאות ושפל,,,,,tidal ,0.0,,,,,,,,,,,,,,,,,,,,,,
rapport ,"מערכת יחסים מבינה ואוהדת, יחסי ידידות",,,,,rapport ,0.0,,,,,,,,,,,,,,,,,,,,,,
enrapt ,מְרוֹמָם,,,,,enrapt ,0.0,,,,,,,,,,,,,,,,,,,,,,
concierge ,"קוֹנְסְיֶרְז', שׁוֹעֵר",,,,,concierge ,0.0,,,,,,,,,,,,,,,,,,,,,,
decease ,"מֵת, נִפְטַר",,,,,decease ,0.0,,,,,,,,,,,,,,,,,,,,,,
derogatory ,"מַשְׁפִּיל, מַעֲלִיב",,,,,derogatory ,0.0,,,,,,,,,,,,,,,,,,,,,,
deprecating ,מזלזל; מחאתי,,,,,deprecating ,0.0,,,,,,,,,,,,,,,,,,,,,,
venue ,מקום האירוע; מקום המפגש; מקום ההתכנסות,,,,,venue ,1.0,,,,,,,,,,,,,,,,,,,,,,
elicit ,"הוֹצִיא, הֵפִיק",,,,,elicit ,0.0,,,,,,,,,,,,,,,,,,,,,,
murky ,"עַגְמוּמִי, קוֹדֵר, חָשׁוּךְ; מְעֻמְעָם, עָמוּם",,,,,murky ,1.0,,,,,,,,,,,,,,,,,,,,,,
arousal ,"הִתְעוֹרְרוּת; עוֹרְרוּת, עֵרוּר",,,,,arousal ,0.0,,,,,,,,,,,,,,,,,,,,,,
wrench ,"מַפְתֵּחַ בְּרָגִים; עִקּוּם, פִּתּוּל, כִּיפוּף (בכוח); עִוּוּת, סִלּוּף; חוויה רגשית קשה",,,,,wrench ,0.0,,,,,,,,,,,,,,,,,,,,,,
disparate ,"שׁוֹנֶה, נִבְדָּל (לגמרי)",,,,,disparate ,0.0,,,,,,,,,,,,,,,,,,,,,,
punctuate ,פִּסֵּק; הִדְגִּישׁ,,,,,punctuate ,1.0,,,,,,,,,,,,,,,,,,,,,,
oblivious ,"שַׁכְחָן; שאינו מודע למה שקורה סביבו, שאינו חש ב_",,,,,oblivious ,0.0,,,,,,,,,,,,,,,,,,,,,,
dilate,הִתְרַחֵב; הִרְחִיב,,,,,dilate,0.0,,,,,,,,,,,,,,,,,,,,,,
gauge,מָדַד; אָמַד; הֶעֱרִיךְ,,,,,gauge,0.0,,,,,,,,,,,,,,,,,,,,,,
slobber ,"רִיֵּר, הִזִּיל רִיר; הִשְׁתַּפֵּךְ",,,,,slobber ,0.0,,,,,,,,,,,,,,,,,,,,,,
numb ,"רָדוּם, חסר תחושה; חֲסַר רֶגֶשׁ, אָדִישׁ",,,,,numb ,1.0,,,,,,,,,,,,,,,,,,,,,,
ox ,שׁוֹר,,,,,ox ,0.0,,,,,,,,,,,,,,,,,,,,,,
strive ,"שָׁאַף, חָתַר",,,,,strive ,0.0,,,,,,,,,,,,,,,,,,,,,,
dire ,"נוֹרָא, מַפְחִיד; נוֹאָשׁ, דָּחוּף; מבשר רעות",,,,,dire ,0.0,,,,,,,,,,,,,,,,,,,,,,
rote ,"שִׁגְרָה; לְמִידָה, שינון בע""פ",,,,,rote ,0.0,,,,,,,,,,,,,,,,,,,,,,
cram ,"דָּחַס, צוֹפֵף; פִּטֵּם, הִלְעִיט, הֶאֱבִיס; (בלשון הדיבור) לָמַד, חָרַשׁ",,,,,cram ,1.0,,,,,,,,,,,,,,,,,,,,,,
spur ,"עוֹרֵר, דִּרְבֵּן, הִמְרִיץ; זירז (בדרך כלל סוס) בעזרת דורבנות",,,,,spur ,0.0,,,,,,,,,,,,,,,,,,,,,,
enhance,"הִגְבִּיר, חִזֵּק, הִגְדִּיל; שִׁפֵּר",,,,,enhance,1.0,,,,,,,,,,,,,,,,,,,,,,
sieve ,"מִסְנֶנֶת, נָפָה",,,,,sieve ,0.0,,,,,,,,,,,,,,,,,,,,,,
sow ,"פִּזֵּר, זָרָה, זָרַע",,,,,sow ,0.0,,,,,,,,,,,,,,,,,,,,,,
deficit ,"גֵּרָעוֹן, דֶּפִיצִיט; חֶסֶר, חִסָּרוֹן, פַּעַר (לרעת מישהו); לִקּוּי",,,,,deficit ,0.0,,,,,,,,,,,,,,,,,,,,,,
retention ,"שְׁמִירָה, הַחְזָקָה, היכולת לשמור או להחזיק משהו; זְכִירָה, זִכָּרוֹן, היכולת לשמור משהו בזיכרון; (רפואה) אֲצִירָה (של הפרשות מהגוף, כגון שתן); שִׁמּוּר; אֲחִיזָה",,,,,retention ,0.0,,,,,,,,,,,,,,,,,,,,,,
diffuse ,"פִּזֵּר, הִתְפַּזֵּר",,,,,diffuse ,0.0,,,,,,,,,,,,,,,,,,,,,,
tin ,"דִיל, פַּח; (בריטי) פַּחִית, קופסת שימורים",,,,,tin ,0.0,,,,,,,,,,,,,,,,,,,,,,
hydrant ,"ברז שריפה, ברז כיבוי אש",,,,,hydrant ,0.0,,,,,,,,,,,,,,,,,,,,,,
agile ,"זָרִיז, קַל תְּנוּעָה, מָהִיר; מלא חיים",,,,,agile ,0.0,,,,,,,,,,,,,,,,,,,,,,
Brussels sprout,כְּרוּב נִצָּנִים,,,,,Brussels sprout,0.0,,,,,,,,,,,,,,,,,,,,,,
thigh ,יָרֵךְ,,,,,thigh ,0.0,,,,,,,,,,,,,,,,,,,,,,
seldom ,לְעִתִּים רְחוֹקוֹת,,,,,seldom ,0.0,,,,,,,,,,,,,,,,,,,,,,
gnome ,גַּמָּד (באגדות); אמרה תמציתית המביעה אמת כללית; אָפוֹרִיזְם,,,,,gnome ,0.0,,,,,,,,,,,,,,,,,,,,,,
nosh ,"(סְלֶנְג) אֲרוּחָה, מָזוֹן",,,,,nosh ,0.0,,,,,,,,,,,,,,,,,,,,,,
mat ,"מַחְצֶלֶת, שְׁטִיחוֹן; מִזְרָן; תַּחְתִּית, מַפִּית (שמניחים מתחת לכלי אוכל)",,,,,mat ,1.0,,,,,,,,,,,,,,,,,,,,,,
memo ,"קיצור) תַּזְכִּיר, מֶמוֹרַנְדּוּם",,,,,memo ,0.0,,,,,,,,,,,,,,,,,,,,,,
mower ,"מכונת כיסוח, מַכְסֵחָה",,,,,mower ,0.0,,,,,,,,,,,,,,,,,,,,,,
verbatim ,"מְדֻיָּק, מִלָּה בְּמִלָּה",,,,,verbatim ,0.0,,,,,,,,,,,,,,,,,,,,,,
squander ,"פִּזּוּר, בִּזְבּוּז",,,,,squander ,0.0,,,,,,,,,,,,,,,,,,,,,,
clutter ,"עִרְבּוּבְיָה, מַהְפֵּכָה, אִי-סֵדֶר",,,,,clutter ,0.0,,,,,,,,,,,,,,,,,,,,,,
cobweb ,קוּרֵי עַכָּבִישׁ,,,,,cobweb ,0.0,,,,,,,,,,,,,,,,,,,,,,
shackle ,"אֲזִקִּים, שַׁלְשֶׁלֶת",,,,,shackle ,0.0,,,,,,,,,,,,,,,,,,,,,,
deprivation ,"קִפּוּחַ, מְנִיעָה; חֶסֶר, מַחְסוֹר",,,,,deprivation ,0.0,,,,,,,,,,,,,,,,,,,,,,
floss ,ניקה שיניים בעזרת חוט דנטאלי,,,,,floss ,0.0,,,,,,,,,,,,,,,,,,,,,,
idleness ,"בַּטְלָנוּת, עַצְלָנוּת",,,,,idleness ,0.0,,,,,,,,,,,,,,,,,,,,,,
deed ,"מַעֲשֶׂה, פְּעֻלָּה; שְׁטַר מֶכֶר",,,,,deed ,1.0,,,,,,,,,,,,,,,,,,,,,,
astute ,"פִּקֵּחַ, נָבוֹן, פִּקְּחִי",,,,,astute ,0.0,,,,,,,,,,,,,,,,,,,,,,
muddle ,"בִּלְבּוּל, עִרְבּוּבְיָה",,,,,muddle ,0.0,,,,,,,,,,,,,,,,,,,,,,
eminent ,"בּוֹלֵט; מְכֻבָּד, בָּכִיר",,,,,eminent ,0.0,,,,,,,,,,,,,,,,,,,,,,
merit ,"שֹׁוִי, עֵרֶךְ, אֵיכוּת, מְצֻיָּנוּת; יִתְרוֹן, מַעֲלָה; (ברבים) כִּשּוּרִים",,,,,merit ,0.0,,,,,,,,,,,,,,,,,,,,,,
deception ,"הַטְעָיָה, רַמָּאוּת, הוֹלָכַת שׁוֹלָל, תַּעְתּוּעַ",,,,,deception ,0.0,,,,,,,,,,,,,,,,,,,,,,
bane ,"קְלָלָה; אֶרֶס; אוֹיֵב, צוֹרֵר",,,,,bane ,0.0,,,,,,,,,,,,,,,,,,,,,,
venture ,"הִסְתַּכֵּן, הֵעֵז (לצאת או ללכת למקום מסוכן, או להתחיל משהו חדש), יצא להרפתקה",,,,,venture ,0.0,,,,,,,,,,,,,,,,,,,,,,
squirm ,הִתְפַּתְּלוּת,,,,,squirm ,0.0,,,,,,,,,,,,,,,,,,,,,,
attentive ,"קַשּׁוּב; אָדִיב, מְנֻמָּס, מִתְחַשֵּׁב",,,,,attentive ,0.0,,,,,,,,,,,,,,,,,,,,,,
forestall ,"עִכֵּב, מָנַע; צפה מראש",,,,,forestall ,0.0,,,,,,,,,,,,,,,,,,,,,,
adversely,"באופן מזיק, באופן פוגע; באופן מנוגד",,,,,adversely,1.0,,,,,,,,,,,,,,,,,,,,,,
merit ,"שֹׁוִי, עֵרֶךְ, אֵיכוּת, מְצֻיָּנוּת; יִתְרוֹן, מַעֲלָה; (ברבים) כִּשּוּרִים",,,,,merit ,0.0,,,,,,,,,,,,,,,,,,,,,,
harbor ,"נָמֵל; מַחֲסֶה, חוֹף מִבְטַחִים",,,,,harbor ,0.0,,,,,,,,,,,,,,,,,,,,,,
ivory ,שֶׁנְהָב,,,,,ivory ,1.0,,,,,,,,,,,,,,,,,,,,,,
repercussion ,הַשְׁלָכָה; הִדְהוּד,,,,,repercussion ,0.0,,,,,,,,,,,,,,,,,,,,,,
frown ,"הִזְעִיף אֶת פָּנָיו, קִמֵּט אֶת מִצְחוֹ",,,,,frown ,0.0,,,,,,,,,,,,,,,,,,,,,,
corollary ,"מַסְקָנָה, הַסָּקָה",,,,,corollary ,0.0,,,,,,,,,,,,,,,,,,,,,,
vicarious ,"מחליף, שממלא מקום; מֻסְמָךְ; עָקִיף",,,,,vicarious ,0.0,,,,,,,,,,,,,,,,,,,,,,
halt,"עָצַר; הִסֵּס, חָכַךְ בְּדַעְתּוֹ",,,,,,0.0,,,,,,,,,,,,,,,,,,,,,,
inquisitor ,חוֹקֵר; אִינְקְוִיזִיטוֹר,,,,,,0.0,,,,,,,,,,,,,,,,,,,,,,
cogent ,"מְשַׁכְנֵעַ, מְחַיֵּב (לגבי טיעון); (משפטים) קוֹגֶנְטִי, כופה, שלא ניתן להתנות עליו",,,,,,0.0,,,,,,,,,,,,,,,,,,,,,,
scorn,"בּוּז, לַעַג; מושא לעג, מושא בוז",,,,,,0.0,,,,,,,,,,,,,,,,,,,,,,
crass ,"גַּס, טִפֵּשׁ; (נָדִיר) עָבֶה, מְחֻסְפָּס",,,,,,0.0,,,,,,,,,,,,,,,,,,,,,,
strive ,"שָׁאַף, חָתַר",,,,,,0.0,,,,,,,,,,,,,,,,,,,,,,
mob ,"אֲסַפְסוּף, הָמוֹן; מַפְיָה, ארגון פשע",,,,,,0.0,,,,,,,,,,,,,,,,,,,,,,
stake ,"יָתֵד, מוֹט; הִמּוּר, סִכּוּי; (מסחר ועסקים) הַחְזָקָה (בחברה); חֵלֶק, אִינְטֶרֶס; מוֹקֵד (שריפה)",,,,,,0.0,,,,,,,,,,,,,,,,,,,,,,
reluctant ,"שאינו רוצה, שאינו מתלהב מ_, שאינו מעוניין; מְסֻיָּג",,,,,,0.0,,,,,,,,,,,,,,,,,,,,,,
awry ,"עָקֹם, מְעֻקָּם, מְשֻׁבָּשׁ; לא מסודר",,,,,,0.0,,,,,,,,,,,,,,,,,,,,,,
embark ,"עָלָה (על אונייה או מטוס); הִתְחִיל, יָצָא (בתוכנית חדשה וכדומה)",,,,,,0.0,,,,,,,,,,,,,,,,,,,,,,
stint ,"קִמֵּץ, הִצְטַמְצֵם, חָסַךְ; הִגְבִּיל, צִמְצֵם",,,,,,0.0,,,,,,,,,,,,,,,,,,,,,,
sojourn ,"שהה באופן ארעי, התגורר זמנית",,,,,,0.0,,,,,,,,,,,,,,,,,,,,,,
perpetually ,"לָנֶצַח, לְעוֹלָמִים",,,,,,0.0,,,,,,,,,,,,,,,,,,,,,,
compelling ,מְרַתֵּק; מְחַיֵּב; מְשַׁכְנֵעַ; חָזָק,,,,,,0.0,,,,,,,,,,,,,,,,,,,,,,
propound ,הִצִּיעַ,,,,,,0.0,,,,,,,,,,,,,,,,,,,,,,
soar ,"הִמְרִיא, הִרְקִיעַ, הֶאֱמִיר, הִתְרוֹמֵם, עָלָה; הִתְנַשֵּׂא, בלט לגובה",,,,,,0.0,,,,,,,,,,,,,,,,,,,,,,
exhort ,"שִׁכְנֵעַ, הִמְלִיץ; הוֹכִיחַ",,,,,,0.0,,,,,,,,,,,,,,,,,,,,,,
foray ,"פְּשִׁיטָה, הִסְתַּעֲרוּת",,,,,,0.0,,,,,,,,,,,,,,,,,,,,,,
crutch ,קַב; מִשְׁעֶנֶת; מִפְשָׂעָה,,,,,,0.0,,,,,,,,,,,,,,,,,,,,,,
chide ,"גָּעַר, נָזַף, הוֹכִיחַ",,,,,,1.0,,,,,,,,,,,,,,,,,,,,,,
exuberantly ,"בחיוניות, באופן שופע מרץ",,,,,,0.0,,,,,,,,,,,,,,,,,,,,,,
extol ,"הִלֵּל, שִׁבֵּחַ",,,,,,0.0,,,,,,,,,,,,,,,,,,,,,,
dispense ,"חִלֵּק, נָתַן",,,,,,0.0,,,,,,,,,,,,,,,,,,,,,,
gratification ,"סִפּוּק, שְׂבִיעוּת רָצוֹן, הִתְמוֹגְגוּת",,,,,,0.0,,,,,,,,,,,,,,,,,,,,,,
elusive ,חֲמַקְמַק; שקשה להגדירו; שנשמט מהזיכרון,,,,,,0.0,,,,,,,,,,,,,,,,,,,,,,
dub,כִּנָּה; דִּבֵּב,,,,,,0.0,,,,,,,,,,,,,,,,,,,,,,
delineate ,"שִׂרְטֵט, הִתְוָה; תֵּאֵר",,,,,,0.0,,,,,,,,,,,,,,,,,,,,,,
candid ,"כֵּן, גְּלוּי לֵב, יָשִׁיר",,,,,,0.0,,,,,,,,,,,,,,,,,,,,,,
abound ,"שָׁפַע, עָלָה [גָּאָה, עָבַר] עַל גְּדוֹתָיו, מָלֵא",,,,,,0.0,,,,,,,,,,,,,,,,,,,,,,
succinctly ,באופן תמציתי,,,,,,0.0,,,,,,,,,,,,,,,,,,,,,,
therein ,"בזאת, בזה; שָׁם, במקום ההוא",,,,,,0.0,,,,,,,,,,,,,,,,,,,,,,
haste ,חִפָּזוֹן,,,,,,0.0,,,,,,,,,,,,,,,,,,,,,,
latent ,"רָדוּם, סָמוּי, חָבוּי, לָטֶנְטִי",,,,,,0.0,,,,,,,,,,,,,,,,,,,,,,
alas ,אֲבוֹי,,,,,,0.0,,,,,,,,,,,,,,,,,,,,,,
banter ,"לָצוֹן, הִתּוּל",,,,,,0.0,,,,,,,,,,,,,,,,,,,,,,
scanty ,"מֻגְבָּל, מוּעָט, זָעוּם, מְצֻמְצָם",,,,,,0.0,,,,,,,,,,,,,,,,,,,,,,
fare,"הִתְקַדֵּם, הִסְתַּדֵּר, הִצְלִיחַ; הִתְרַחֵשׁ, קָרָה; סָעַד, אָכַל",,,,,,0.0,,,,,,,,,,,,,,,,,,,,,,
candor ,"כֵּנוּת, גִּלּוּי לֵב, הֲגִינוּת",,,,,,0.0,,,,,,,,,,,,,,,,,,,,,,
confide ,סִפֵּר (סוד),,,,,,0.0,,,,,,,,,,,,,,,,,,,,,,
dearth ,"מַחְסוֹר, חֶסֶר, חֹסֶר, צִמְצוּם; רָעָב",,,,,,0.0,,,,,,,,,,,,,,,,,,,,,,
glean ,"אָסַף, לִקֵּט",,,,,,0.0,,,,,,,,,,,,,,,,,,,,,,
concise ,"תַּמְצִיתִי, תַּכְלִיתִי",,,,,,0.0,,,,,,,,,,,,,,,,,,,,,,
bona fide,"בְּתֹם לֵב, בּוֹנָה פִידֶה",,,,,,0.0,,,,,,,,,,,,,,,,,,,,,,
syllable ,(בַּלְשָׁנוּת) הֲבָרָה,,,,,,0.0,,,,,,,,,,,,,,,,,,,,,,
epitaph ,"כתובת זיכרון על מצבה, אֶפִּיטָף; נאום לזכרו של אדם שנפטר, הֶסְפֵּד",,,,,,0.0,,,,,,,,,,,,,,,,,,,,,,
vestigial ,"שנשאר כשָׂרִיד, שעומד כזֵכֶר; (ביולוגיה) שְׂרידִי, מְנֻוָּן",,,,,,0.0,,,,,,,,,,,,,,,,,,,,,,
remnant ,"שְׁאֵרִית, שָׂרִיד",,,,,,0.0,,,,,,,,,,,,,,,,,,,,,,
grievous ,"מְצַעֵר, מַעֲצִיב, מַכְאִיב; חָמוּר, קָשֶׁה, רְצִינִי",,,,,,0.0,,,,,,,,,,,,,,,,,,,,,,
furtively ,"בַּחֲשַׁאי, בִּגְנֵבָה, בַּסֵּתֶר, בערמומיות",,,,,,0.0,,,,,,,,,,,,,,,,,,,,,,
shroud ,"הִסְתִּיר, כִּסָּה, מִסֵּךְ, הִסְוָה, אָפַף",,,,,,0.0,,,,,,,,,,,,,,,,,,,,,,
turmoil ,"מְהוּמָה, מַהְפֵּכָה",,,,,,0.0,,,,,,,,,,,,,,,,,,,,,,
blunder ,פְּלִיטַת פֶּה; טָעוּת גַּסָּה,,,,,,0.0,,,,,,,,,,,,,,,,,,,,,,
foray ,"פְּשִׁיטָה, הִסְתַּעֲרוּת",,,,,,0.0,,,,,,,,,,,,,,,,,,,,,,
utterly ,לַחֲלוּטִין,,,,,,0.0,,,,,,,,,,,,,,,,,,,,,,
usher ,"לִוָּה, הוֹבִיל; שימש כסדרן",,,,,,0.0,,,,,,,,,,,,,,,,,,,,,,
watershed ,קַו פָּרָשַׁת הַמַּיִם,,,,,,0.0,,,,,,,,,,,,,,,,,,,,,,
potent,"רַב-עָצְמָה, חָזָק",,,,,,0.0,,,,,,,,,,,,,,,,,,,,,,
chivalry ,"אַבִּירוּת, אֲצִילוּת",,,,,,0.0,,,,,,,,,,,,,,,,,,,,,,
lest ,שֶׁמָּא,,,,,,0.0,,,,,,,,,,,,,,,,,,,,,,
shaft ,"פִּיר; חֵץ; קֶרֶן אוֹר, אֲלֻמָּה; מוֹט",,,,,,0.0,,,,,,,,,,,,,,,,,,,,,,
cutlery ,"סכו""ם",,,,,,0.0,,,,,,,,,,,,,,,,,,,,,,
peculiarity ,"מוּזָרוּת, מְשֻׁנּוּת",,,,,,1.0,,,,,,,,,,,,,,,,,,,,,,
blaze ,"הִתְלַקֵּחַ, בָּעַר, לָהַט, לִהֵט, הִבְהִיק",,,,,,0.0,,,,,,,,,,,,,,,,,,,,,,
smolder ,בער באש חנוקה,,,,,,0.0,,,,,,,,,,,,,,,,,,,,,,
conflagration ,"שְׂרֵפָה, דְּלֵקָה, תַּבְעֵרָה (גדולה והרסנית במיוחד)",,,,,,0.0,,,,,,,,,,,,,,,,,,,,,,
exhilarate,"מְעוֹרֵר, ממריץ, מְשַׂמֵּחַ",,,,,,0.0,,,,,,,,,,,,,,,,,,,,,,
embolden ,"עוֹדֵד, חִזֵּק",,,,,,0.0,,,,,,,,,,,,,,,,,,,,,,
gusto ,"הנאה או התלהבות עצומה, בייחוד במהלך ביצוע פעולה כלשהי",,,,,,0.0,,,,,,,,,,,,,,,,,,,,,,
spasm ,"עֲוִית, פִּרְכּוּס, סְפַּזְמָה; הִתְפָּרְצוּת, הֶתְקֵף",,,,,,0.0,,,,,,,,,,,,,,,,,,,,,,
nub ,"בְּלִיטָה, גַּבְשׁוּשִׁית (קטנה); חֲתִיכָה (קטנה)",,,,,,0.0,,,,,,,,,,,,,,,,,,,,,,
nib ,"צִפֹּרֶן (לכתיבה); חֹד, שְׁפִּיץ, מַקּוֹר",,,,,,0.0,,,,,,,,,,,,,,,,,,,,,,
knob ,"יָדִית (עגולה), גֻּלָּה, כַּפְתּוֹר; גַּבְשׁוּשִׁית, תְּלוּלִית",,,,,,0.0,,,,,,,,,,,,,,,,,,,,,,
allusion ,"אָלוּזְיָה, רְמִיזָה, אִזְכּוּר; (ספרות ואומנות) הֶרְמֵז",,,,,,0.0,,,,,,,,,,,,,,,,,,,,,,
shaft ,"פִּיר; חֵץ; קֶרֶן אוֹר, אֲלֻמָּה; מוֹט",,,,,,1.0,,,,,,,,,,,,,,,,,,,,,,
encompass ,"הִקִּיף, כִּתֵּר; גָּרַם, יָצַר; כָּלַל",,,,,,0.0,,,,,,,,,,,,,,,,,,,,,,
throb ,"פָּעַם, הָלַם",,,,,,0.0,,,,,,,,,,,,,,,,,,,,,,
confer ,"נוֹעַץ, הִתְיַעֵץ; הֶעֱנִיק, נָתַן",,,,,,0.0,,,,,,,,,,,,,,,,,,,,,,
proverbial,פִּתְגָּמִי; ידוע לכול,,,,,,0.0,,,,,,,,,,,,,,,,,,,,,,
extricate ,"שִׁחְרֵר, הִתִּיר, חִלֵּץ",,,,,,0.0,,,,,,,,,,,,,,,,,,,,,,
ram ,נִגֵּחַ,,,,,,0.0,,,,,,,,,,,,,,,,,,,,,,
jostle ,"הִתְנַגֵּשׁ, נִכְנַס, דָּחַף, נִדְחַף",,,,,,0.0,,,,,,,,,,,,,,,,,,,,,,
dint ,"(מְיֻשָּׁן) שֶׁקַע, גֻּמָּה, מַכָּה",,,,,,0.0,,,,,,,,,,,,,,,,,,,,,,
enshrine ,קִדֵּשׁ; סגר או שמר משהו במקדש או במעין מקדש,,,,,,0.0,,,,,,,,,,,,,,,,,,,,,,
bruising ,"חַבָּלָה, פְּצִיעָה",,,,,,0.0,,,,,,,,,,,,,,,,,,,,,,
impel ,"הִמְרִיץ, דִּרְבֵּן, דָּחַף",,,,,,0.0,,,,,,,,,,,,,,,,,,,,,,
stamina ,"כֹּשֶׁר עֲמִידָה, כושר התמדה, כּוֹחַ סֵבֶל, סְבִילוּת",,,,,,0.0,,,,,,,,,,,,,,,,,,,,,,
fuss,"מְהוּמָה, רַעַשׁ, הֲמֻלָּה; התרגשות יתר; מְרִיבָה, וִכּוּחַ",,,,,,0.0,,,,,,,,,,,,,,,,,,,,,,
agitation ,"תְּסִיסָה, סַעֲרַת נֶפֶשׁ, הִתְרַגְּשׁוּת; הֲסָתָה; הֲנָעָה",,,,,,0.0,,,,,,,,,,,,,,,,,,,,,,
excruciating ,"מייסר, עַז",,,,,,0.0,,,,,,,,,,,,,,,,,,,,,,
formidable,"מֵטִיל [מַפִּיל] אֵימָה, מַפְחִיד; מעורר יראת כבוד; קָשֶׁה, שקשה להתמודד איתו; נוֹרָא",,,,,,1.0,,,,,,,,,,,,,,,,,,,,,,
thrust ,"דַּחַף, דְּחִיפָה; עִקָּר, מַהוּת, הנקודה המרכזית",,,,,,0.0,,,,,,,,,,,,,,,,,,,,,,
congenital ,מוּלָד,,,,,,0.0,,,,,,,,,,,,,,,,,,,,,,
mutilation,הטלת מום; הַשְׁחָתָה,,,,,,0.0,,,,,,,,,,,,,,,,,,,,,,
disfigured,שפניו הושחתו,,,,,,0.0,,,,,,,,,,,,,,,,,,,,,,
adamantly,"בנוקשות, בקשיחות",,,,,,0.0,,,,,,,,,,,,,,,,,,,,,,
adamantly,"בנוקשות, בקשיחות",,,,,,0.0,,,,,,,,,,,,,,,,,,,,,,
beseech,"הִפְצִיר, הִתְחַנֵּן",,,,,,0.0,,,,,,,,,,,,,,,,,,,,,,
quibble ,"הִתְפַּלְפֵּל; הִתְוַכֵּחַ, הִתְפַּלְמֵס",,,,,,0.0,,,,,,,,,,,,,,,,,,,,,,
cumbersome,"מַכְבִּיד, מֵעִיק; מְסֻרְבָּל, מְגֻשָּׁם",,,,,,0.0,,,,,,,,,,,,,,,,,,,,,,
elusive ,חֲמַקְמַק; שקשה להגדירו; שנשמט מהזיכרון,,,,,,0.0,,,,,,,,,,,,,,,,,,,,,,
chime,פַּעֲמוֹן,,,,,,0.0,,,,,,,,,,,,,,,,,,,,,,
fatigued,"עָיֵף, יָגֵעַ, לֵאֶה",,,,,,0.0,,,,,,,,,,,,,,,,,,,,,,
foremost ,רִאשׁוֹן בְּמַעֲלָה,,,,,,0.0,,,,,,,,,,,,,,,,,,,,,,
woefully,באופן עצוב או מעציב; בצורה מעוררת רחמים,,,,,,0.0,,,,,,,,,,,,,,,,,,,,,,
stampede ,מְנוּסַת בֶּהָלָה; נְהִירָה,,,,,,0.0,,,,,,,,,,,,,,,,,,,,,,
squeamish ,"רָגִישׁ, עָדִין, פָּגִיעַ, דַּק רֶגֶשׁ",,,,,,0.0,,,,,,,,,,,,,,,,,,,,,,
encompass ,"הִקִּיף, כִּתֵּר; גָּרַם, יָצַר; כָּלַל",,,,,,0.0,,,,,,,,,,,,,,,,,,,,,,
squeamish ,"רָגִישׁ, עָדִין, פָּגִיעַ, דַּק רֶגֶשׁ",,,,,,1.0,,,,,,,,,,,,,,,,,,,,,,
gamut ,"מִכְלוֹל; סולם מוזיקלי; טְוָח, מגוון של דברים הנתונים בגבולות מסוימים של סולם דירוג",,,,,,1.0,,,,,,,,,,,,,,,,,,,,,,
insemination ,הַזְרָעָה,,,,,,0.0,,,,,,,,,,,,,,,,,,,,,,
ostracize ,"נִדָּה, הֶחְרִים",,,,,,1.0,,,,,,,,,,,,,,,,,,,,,,
presage ,אות או תחושה המבשרים רעות,,,,,,0.0,,,,,,,,,,,,,,,,,,,,,,
denouement ,"התרת הסבך של עלילה ספרותית, קולנועית וכדומה; סוף המעשה",,,,,,0.0,,,,,,,,,,,,,,,,,,,,,,
innate ,מוּלָד,,,,,,0.0,,,,,,,,,,,,,,,,,,,,,,
chaste ,"צָנוּעַ, טָהוֹר, בָּתוּל",,,,,,0.0,,,,,,,,,,,,,,,,,,,,,,
promulgate,"הִכְרִיז, הוֹדִיעַ (רשמית), בעיקר על חוק; הֵפִיץ (רעיון או אמונה)",,,,,,0.0,,,,,,,,,,,,,,,,,,,,,,
insidious,"חַתְרָנִי, בּוֹגְדָנִי, עַרְמוּמִי",,,,,,0.0,,,,,,,,,,,,,,,,,,,,,,
pulpit,"דּוּכָן, בִּימָה (של מטיף)",,,,,,0.0,,,,,,,,,,,,,,,,,,,,,,
verboten,"אָסוּר, בעיקר בחוק או בצו",,,,,,0.0,,,,,,,,,,,,,,,,,,,,,,
sprang,"קָפַץ, זִנֵּק; הִשְׁתַּחְרֵר; נָבַע",,,,,,0.0,,,,,,,,,,,,,,,,,,,,,,
subsume ,"כָּלַל, הִכְלִיל",,,,,,0.0,,,,,,,,,,,,,,,,,,,,,,
alas,אֲבוֹי,,,,,,0.0,,,,,,,,,,,,,,,,,,,,,,
dogged ,עַקְשָׁנִי,,,,,,0.0,,,,,,,,,,,,,,,,,,,,,,
buck ,"דָּחָה, הֵרִים (אֶת) קוֹלוֹ נֶגֶד, מָחָה נִמְרָצוֹת",,,,,,0.0,,,,,,,,,,,,,,,,,,,,,,
prominent,בולט,,,,,,0.0,,,,,,,,,,,,,,,,,,,,,,
disseminate,"הֵפִיץ, פִּזֵּר",,,,,,1.0,,,,,,,,,,,,,,,,,,,,,,
decree,"צִוָּה, גָּזַר, פָּסַק",,,,,,0.0,,,,,,,,,,,,,,,,,,,,,,
dignitary,נִכְבָּד,,,,,,0.0,,,,,,,,,,,,,,,,,,,,,,
ornate,"מְקֻשָּׁט, מְיֻפֶּה, מְצֻעֲצָע",,,,,,0.0,,,,,,,,,,,,,,,,,,,,,,
mound ,"תֵּל; עֲרֵמָה; גִּבְעָה, גִּבְעֹנֶת",,,,,,0.0,,,,,,,,,,,,,,,,,,,,,,
encompass,"הִקִּיף, כִּתֵּר; גָּרַם, יָצַר; כָּלַל",,,,,,0.0,,,,,,,,,,,,,,,,,,,,,,
expanse,"מֶרְחָב, שֶׁטַח; הִתְרַחֲבוּת, הִתְפַּשְּׁטוּת",,,,,,0.0,,,,,,,,,,,,,,,,,,,,,,
odor,"רֵיחַ, נִיחוֹחַ",,,,,,0.0,,,,,,,,,,,,,,,,,,,,,,
labia,"(אָנָטוֹמְיָה) שפתיים, שפיות",,,,,,0.0,,,,,,,,,,,,,,,,,,,,,,
protrude,"דָּחַף (קדימה או החוצה); הִתְבַּלֵּט, הִזְדַּקֵּר",,,,,,0.0,,,,,,,,,,,,,,,,,,,,,,
archaic,"אַרְכָאִי, מְיֻשָּׁן",,,,,,0.0,,,,,,,,,,,,,,,,,,,,,,
hue ,"גָּוֶן, צֶבַע",,,,,,0.0,,,,,,,,,,,,,,,,,,,,,,
swell,"הִתְנַפֵּחַ; תָּפַח; נִפֵּחַ, מִלֵּא, הִגְדִּיל, הִרְחִיב; גָּדַל, הִתְרַבָּה",,,,,,0.0,,,,,,,,,,,,,,,,,,,,,,
prepuce,עָרְלָה,,,,,,0.0,,,,,,,,,,,,,,,,,,,,,,
shaft ,"פִּיר; חֵץ; קֶרֶן אוֹר, אֲלֻמָּה; מוֹט",,,,,,1.0,,,,,,,,,,,,,,,,,,,,,,
confined,מוּגבָּל,,,,,,0.0,,,,,,,,,,,,,,,,,,,,,,
crisscrossing,משתלבת,,,,,,0.0,,,,,,,,,,,,,,,,,,,,,,
fuss,מהומה,,,,,,0.0,,,,,,,,,,,,,,,,,,,,,,
hubbub,הֲמוּלָה,,,,,,0.0,,,,,,,,,,,,,,,,,,,,,,
apex,שִׂיא,,,,,,0.0,,,,,,,,,,,,,,,,,,,,,,
seamlessly,בצורה חלקה,,,,,,0.0,,,,,,,,,,,,,,,,,,,,,,
invigorate,"הִמְרִיץ, רִעְנֵן, הֶחֱיָה, הֵפִיחַ רוּחַ חַיִּים (במישהו/במשהו)",,,,,,0.0,,,,,,,,,,,,,,,,,,,,,,
bogus ,"מְזֻיָּף; כּוֹזֵב, בָּדוּי",,,,,,0.0,,,,,,,,,,,,,,,,,,,,,,
promulgate,"הִכְרִיז, הוֹדִיעַ (רשמית), בעיקר על חוק; הֵפִיץ (רעיון או אמונה)",,,,,,0.0,,,,,,,,,,,,,,,,,,,,,,
perpetuate,"קִבֵּעַ, שִׁמֵּר, הִנְצִיחַ",,,,,,1.0,,,,,,,,,,,,,,,,,,,,,,
amid ,"בְּתוֹךְ, בֵּין, בְּקֶרֶב",,,,,,0.0,,,,,,,,,,,,,,,,,,,,,,
parcel ,"חֲבִילָה, צְרוֹר; קְבוּצָה; מִגְרָשׁ, חֶלְקָה",,,,,,0.0,,,,,,,,,,,,,,,,,,,,,,
muddle ,"בִּלְבֵּל, עִרְבֵּב, ""בִּלְגֵּן""; עשה בוץ",,,,,,0.0,,,,,,,,,,,,,,,,,,,,,,
wee,"קְטַנְטַן, זָעִיר, פִּצְפּוֹן",,,,,,0.0,,,,,,,,,,,,,,,,,,,,,,
parse,"(דקדוק) נִתֵּחַ, פירק משפט לרכיביו התחביריים או קבע את המאפיינים הדקדוקיים של מילה",,,,,,0.0,,,,,,,,,,,,,,,,,,,,,,
contraction ,הִתְכַּוְּצוּת; צִיר; קִצּוּר; השמטה או האחדה של הגאים (דוגמת won't),,,,,,0.0,,,,,,,,,,,,,,,,,,,,,,
mucous ,"רִירִי, מפריש ריר",,,,,,0.0,,,,,,,,,,,,,,,,,,,,,,
lining ,בִּטְנָה; רִפּוּד; רְפִידָה,,,,,,0.0,,,,,,,,,,,,,,,,,,,,,,
amply,בשפע,,,,,,0.0,,,,,,,,,,,,,,,,,,,,,,
delineate,"שִׂרְטֵט, הִתְוָה; תֵּאֵר",,,,,,0.0,,,,,,,,,,,,,,,,,,,,,,
preceding,קוֹדֵם,,,,,,0.0,,,,,,,,,,,,,,,,,,,,,,
unified,מְאֻחָד,,,,,,1.0,,,,,,,,,,,,,,,,,,,,,,
confer,"נוֹעַץ, הִתְיַעֵץ; הֶעֱנִיק, נָתַן",,,,,,0.0,,,,,,,,,,,,,,,,,,,,,,
ensue,"נָבַע, נִגְרַם",,,,,,0.0,,,,,,,,,,,,,,,,,,,,,,
synopsis,"סִינוֹפְּסִיס, תַּמְצִית, תַּקְצִיר",,,,,,1.0,,,,,,,,,,,,,,,,,,,,,,
aficionado ,"חסיד קנאי, מעריץ מושבע",,,,,,0.0,,,,,,,,,,,,,,,,,,,,,,
steadfast,"יַצִּיב, קָבוּעַ, אֵיתָן, מוּצָק",,,,,,0.0,,,,,,,,,,,,,,,,,,,,,,
ardor ,"הִתְלַהֲבוּת, לַהַט; תְּשׁוּקָה",,,,,,0.0,,,,,,,,,,,,,,,,,,,,,,
savor,"טָעַם, הֵרִיחַ; תִּבֵּל; נֶהֱנָה (ממשהו), הִתְעַנֵּג (על משהו)",,,,,,0.0,,,,,,,,,,,,,,,,,,,,,,
effluvium ,ריח לא נעים של פסולת,,,,,,0.0,,,,,,,,,,,,,,,,,,,,,,
exult,"שָׂמַח, עָלַז, עָלַץ",,,,,,0.0,,,,,,,,,,,,,,,,,,,,,,
prejudice,פעל מתוך דעה קדומה,,,,,,1.0,,,,,,,,,,,,,,,,,,,,,,
unacquainted,"חסר ידע (לגבי משהו), חסר ניסיון, לא בָּקִי; (כשנאמר על שני אנשים או יותר) שאינם מכירים זה את זה",,,,,,0.0,,,,,,,,,,,,,,,,,,,,,,
loathing,תִּעוּב,,,,,,0.0,,,,,,,,,,,,,,,,,,,,,,
vigor,"חֹזֶק, אוֹן, עָצְמָה; חִיּוּת, חִיּוּנִיּוּת, מֶרֶץ",,,,,,0.0,,,,,,,,,,,,,,,,,,,,,,
pungent,"חָרִיף, צוֹרֵב (כשנאמר על ריח); עוֹקְצָנִי",,,,,,0.0,,,,,,,,,,,,,,,,,,,,,,
mores ,(סוציולוגיה) המנהגים והמוסכמות המגלמים את הערכים הבסיסיים של קבוצה או חברה כלשהי,,,,,,0.0,,,,,,,,,,,,,,,,,,,,,,
condone,"מָחַל, סָלַח; חָנַן; אישר (משהו) בחוסר רצון",,,,,,0.0,,,,,,,,,,,,,,,,,,,,,,
garner,"אָסַף, אָגַר (בממגורה, באסם)",,,,,,0.0,,,,,,,,,,,,,,,,,,,,,,
menstruation,"וֶסֶת, מַחְזוֹר",,,,,,0.0,,,,,,,,,,,,,,,,,,,,,,
contract,"הִתְכַּוֵּץ; כִּוֵּץ; קִבֵּל, חָטַף, לָקָה",,,,,,0.0,,,,,,,,,,,,,,,,,,,,,,
disseminate ,"הֵפִיץ, פִּזֵּר",,,,,,0.0,,,,,,,,,,,,,,,,,,,,,,
embellishment ,"יִפּוּי, עִטּוּר, קִשּׁוּט",,,,,,0.0,,,,,,,,,,,,,,,,,,,,,,
prevalent,"נָפוֹץ, רוֹוֵחַ, שָׁכִיחַ",,,,,,0.0,,,,,,,,,,,,,,,,,,,,,,
endeavor ,"מַאֲמָץ, נִסָּיוֹן",,,,,,0.0,,,,,,,,,,,,,,,,,,,,,,
smooch,"(בלשון הדיבור) הִתְנַשְּׁקוּת, הִתְחַבְּקוּת",,,,,,0.0,,,,,,,,,,,,,,,,,,,,,,
nibble,"כִּרְסֵם, נָגַס; נִשְׁנֵשׁ",,,,,,0.0,,,,,,,,,,,,,,,,,,,,,,
hinder ,"מָנַע, עִכֵּב",,,,,,0.0,,,,,,,,,,,,,,,,,,,,,,
devise ,"רָקַם, תִּכְנֵן, הָגָה; הוֹרִישׁ, הִנְחִיל",,,,,,0.0,,,,,,,,,,,,,,,,,,,,,,
titillate,"גֵּרָה, רִגֵּשׁ; דִּגְדֵּג",,,,,,0.0,,,,,,,,,,,,,,,,,,,,,,
hamper ,"עִכֵּב, הִפְרִיעַ",,,,,,0.0,,,,,,,,,,,,,,,,,,,,,,
alleviate ,"הֵקֵל, שִׁכֵּךְ, הִרְגִּיעַ",,,,,,0.0,,,,,,,,,,,,,,,,,,,,,,
fro,בַּחֲזָרָה,,,,,,0.0,,,,,,,,,,,,,,,,,,,,,,
veer ,"סָטָה, פָּנָה; שינה כיוון",,,,,,0.0,,,,,,,,,,,,,,,,,,,,,,
protrude ,"דָּחַף (קדימה או החוצה); הִתְבַּלֵּט, הִזְדַּקֵּר",,,,,,0.0,,,,,,,,,,,,,,,,,,,,,,
engulf ,"הִשְׁקִיעַ, הִטְבִּיעַ, הֵצִיף; בָּלַע; נִבְלַע",,,,,,0.0,,,,,,,,,,,,,,,,,,,,,,
remnant ,"שְׁאֵרִית, שָׂרִיד",,,,,,0.0,,,,,,,,,,,,,,,,,,,,,,
exquisite ,"מְעֻדָּן, עָנֹג, מְצֻיָּן, אָנִין",,,,,,0.0,,,,,,,,,,,,,,,,,,,,,,
cork ,"פְּקָק, שַׁעַם",,,,,,0.0,,,,,,,,,,,,,,,,,,,,,,
swig ,(בלשון הדיבור) לגם ארוכות,,,,,,0.0,,,,,,,,,,,,,,,,,,,,,,
thigh ,יָרֵךְ,,,,,,0.0,,,,,,,,,,,,,,,,,,,,,,
succulent ,"עֲסִיסִי; בַּשְׂרָנִי, סוּקוּלֶנְטִי",,,,,,0.0,,,,,,,,,,,,,,,,,,,,,,
smack ,"הֵרִיחַ; הִרְבִּיץ, הִפְלִיק; מִצְמֵץ (בשפתיו)",,,,,,0.0,,,,,,,,,,,,,,,,,,,,,,
taunt,"לִגְלוּג, הַקְנָטָה, עֲקִיצָה",,,,,,0.0,,,,,,,,,,,,,,,,,,,,,,
tantalize,"קִנְטֵר, הִקְנִיט, הִתְגָּרָה, הפיח תקוות שווא, יִסֵּר",,,,,,0.0,,,,,,,,,,,,,,,,,,,,,,
lavish ,"בִּזְבֵּז, פִּזֵּר; הִרְעִיף",,,,,,0.0,,,,,,,,,,,,,,,,,,,,,,
juncture ,"נקודה כלשהי בזמן, בייחוד נקודה גורלית; צֹמֶת, הִצְטַלְּבוּת; (בלשנות) פונֶמת הֶפְסק, פונמה משנית המצויה בין שתי הברות רצופות",,,,,,0.0,,,,,,,,,,,,,,,,,,,,,,
conjoin ,"אִחֵד, הִתְאַחֵד",,,,,,0.0,,,,,,,,,,,,,,,,,,,,,,
tremor ,"רְעִידָה, רַעַד, צְמַרְמֹרֶת, רֶטֶט",,,,,,0.0,,,,,,,,,,,,,,,,,,,,,,
lush ,"שׁוֹפֵעַ; עֲסִיסִי, בַּשְׂרָנִי; מְפֹאָר, עָשִׁיר",,,,,,0.0,,,,,,,,,,,,,,,,,,,,,,
allure ,"מְשִׁיכָה, כוח פיתוי",,,,,,0.0,,,,,,,,,,,,,,,,,,,,,,
coax ,"פִּתָּה, שִׁדֵּל, הִשְׁפִּיעַ",,,,,,0.0,,,,,,,,,,,,,,,,,,,,,,
mitigate,"הֵקֵל, מִתֵּן, הִמְתִּיק",,,,,,0.0,,,,,,,,,,,,,,,,,,,,,,
yaw ,סִבְסוּב,,,,,,0.0,,,,,,,,,,,,,,,,,,,,,,
gingerly,בזהירות,,,,,,0.0,,,,,,,,,,,,,,,,,,,,,,
restraint ,"רִסּוּן; אִפּוּק, שְׁלִיטָה עַצְמִית, הַבְלָגָה; הַגְבָּלָה, הֶגְבֵּל; אמצעי או התקן לכבול מישהו",,,,,,0.0,,,,,,,,,,,,,,,,,,,,,,
acclimate ,"הִתְאַקְלֵם, הִסְתַּגֵּל; אִקְלֵם, סִגֵּל",,,,,,0.0,,,,,,,,,,,,,,,,,,,,,,
acquaint,"עָשָׂה הֶכֵּרוּת, הִכִּיר",,,,,,0.0,,,,,,,,,,,,,,,,,,,,,,
elude,"בָּרַח, הִתְחַמֵּק",,,,,,0.0,,,,,,,,,,,,,,,,,,,,,,
graze ,"רָעָה, לִחֵךְ (עשב); שִׁפְשֵׁף, חִכֵּךְ",,,,,,0.0,,,,,,,,,,,,,,,,,,,,,,
cradle ,עֲרִיסָה; עֶרֶשׂ,,,,,,0.0,,,,,,,,,,,,,,,,,,,,,,
mitigate ,"הֵקֵל, מִתֵּן, הִמְתִּיק",,,,,,0.0,,,,,,,,,,,,,,,,,,,,,,
fatigue ,"עֲיֵפוּת, לֵאוּת, תְּשִׁישׁוּת; עבודות רס""ר",,,,,,0.0,,,,,,,,,,,,,,,,,,,,,,
imbibe ,"שָׁתָה, גָּמַע (בייחוד משקה אלכוהולי); הִטְמִיעַ, הִפְנִים; סָפַג",,,,,,0.0,,,,,,,,,,,,,,,,,,,,,,
equivocation ,שימוש בלשון דו-משמעית; התחמקות מאמירה חד-משמעית; ביטוי דו-משמעי,,,,,,0.0,,,,,,,,,,,,,,,,,,,,,,
opine ,"הביע דעה; סָבַר, גָּרַס",,,,,,0.0,,,,,,,,,,,,,,,,,,,,,,
requisite ,"צֹרֶךְ, הֶכְרֵחַ",,,,,,0.0,,,,,,,,,,,,,,,,,,,,,,
brevity ,"קִצּוּר, תַּמְצִיתִיּוּת",,,,,,1.0,,,,,,,,,,,,,,,,,,,,,,
admonition ,"אַזְהָרָה, הַתְרָאָה; הוֹכָחָה, תּוֹכָחָה, נְזִיפָה",,,,,,0.0,,,,,,,,,,,,,,,,,,,,,,
brisk ,"מָהִיר, עֵרָנִי, נִמְרָץ; חָרִיף, מְרַעֲנֵן (טעם); חַד, נוֹקֵב (קול, נימת דיבור); קָרִיר, נָעִים (מזג אוויר)",,,,,,0.0,,,,,,,,,,,,,,,,,,,,,,
sluggish ,"עָצֵל, נִרְפֶּה; אִטִּי, זַחְלָנִי; חסר מרץ",,,,,,0.0,,,,,,,,,,,,,,,,,,,,,,
staple,"סִכָּה (במהדק), כְּלִיב; מרכיב מרכזי",,,,,,0.0,,,,,,,,,,,,,,,,,,,,,,
fastidious ,"בַּרְרָן, אָנִין, אִסְטְנִיס, קַפְּדָן",,,,,,0.0,,,,,,,,,,,,,,,,,,,,,,
feline ,חָתוּל,,,,,,0.0,,,,,,,,,,,,,,,,,,,,,,
scenery ,נוֹף; תַּפְאוּרָה,,,,,,0.0,,,,,,,,,,,,,,,,,,,,,,
glide ,"גָּלַשׁ, הֶחְלִיק; דָּאָה",,,,,,0.0,,,,,,,,,,,,,,,,,,,,,,
shimmy ,"רעידה או תנודה חריגה (בעיקר בגלגלים הקדמיים של רכב); תַּחְתּוֹנִית, קוֹמְבִּינֶזוֹן",,,,,,0.0,,,,,,,,,,,,,,,,,,,,,,
pummel ,"חָבַט, הִכָּה",,,,,,0.0,,,,,,,,,,,,,,,,,,,,,,
goner ,"(בלשון הדיבור) מִקְרֶה אָבוּד, מישהו או משהו חסרי סיכוי או חסרי תקנה",,,,,,0.0,,,,,,,,,,,,,,,,,,,,,,
homage ,"(מְיֻשָּׁן) כִּבֵּד, הוֹקִיר",,,,,,0.0,,,,,,,,,,,,,,,,,,,,,,
expanse,"מֶרְחָב, שֶׁטַח; הִתְרַחֲבוּת, הִתְפַּשְּׁטוּת",,,,,,0.0,,,,,,,,,,,,,,,,,,,,,,
lavish ,"בִּזְבֵּז, פִּזֵּר; הִרְעִיף",,,,,,0.0,,,,,,,,,,,,,,,,,,,,,,
palm,"כַּף יָד; דֶּקֶל, תָּמָר",,,,,,0.0,,,,,,,,,,,,,,,,,,,,,,
throb ,"פָּעַם, הָלַם",,,,,,1.0,,,,,,,,,,,,,,,,,,,,,,
straddle ,"ישב, הלך או עמד בפיסוק; פִּשֵּׂק",,,,,,0.0,,,,,,,,,,,,,,,,,,,,,,
interlude ,"(מוּזִיקָה) אִינְטֶרְלוּד, קטע ביניים",,,,,,0.0,,,,,,,,,,,,,,,,,,,,,,
heed ,"שָׂם לֵב (למישהו/למשהו); הִקְשִׁיב ל_, שָׁמַע בְּקוֹלוֹ (של מישהו)",,,,,,0.0,,,,,,,,,,,,,,,,,,,,,,
dab ,טְפִיחָה; כמות קטנה של חומר רך,,,,,,1.0,,,,,,,,,,,,,,,,,,,,,,
swish,"רִשְׁרֵשׁ, אִוְשֵׁשׁ; השמיע קול שריקה כשל הצלפה, כשל משהו המונף במהירות באוויר",,,,,,0.0,,,,,,,,,,,,,,,,,,,,,,
redolent ,רֵיחָנִי; אָפוּף,,,,,,1.0,,,,,,,,,,,,,,,,,,,,,,
snarl ,"רָטַן, נָהַם, נָחַר; הִסְתַּבֵּךְ; סִבֵּךְ",,,,,,1.0,,,,,,,,,,,,,,,,,,,,,,
formidable ,"מֵטִיל [מַפִּיל] אֵימָה, מַפְחִיד; מעורר יראת כבוד; קָשֶׁה, שקשה להתמודד איתו; נוֹרָא",,,,,,0.0,,,,,,,,,,,,,,,,,,,,,,
rife ,"שׁוֹפֵעַ, עָשִׁיר",,,,,,0.0,,,,,,,,,,,,,,,,,,,,,,
nestle ,"הִתְרַפֵּק, הִתְגַּפֵּף; הִשְׁעִין, הִנִּיחַ (בתוך משהו); נָחַת בעדינות",,,,,,0.0,,,,,,,,,,,,,,,,,,,,,,
snugly ,"בנוחות, בנעימות",,,,,,0.0,,,,,,,,,,,,,,,,,,,,,,
usher ,סַדְרָן,,,,,,0.0,,,,,,,,,,,,,,,,,,,,,,
skim ,רִפְרוּף,,,,,,0.0,,,,,,,,,,,,,,,,,,,,,,
derail ,הוריד מהפסים,,,,,,0.0,,,,,,,,,,,,,,,,,,,,,,
sigh ,"אֲנָחָה, גְּנִיחָה",,,,,,1.0,,,,,,,,,,,,,,,,,,,,,,
throb ,"פָּעַם, הָלַם",,,,,,0.0,,,,,,,,,,,,,,,,,,,,,,
tangible ,"מוּחָשִׁי, בָּרוּר",,,,,,0.0,,,,,,,,,,,,,,,,,,,,,,
lockstep ,עידה של אנשים בזה אחר זה (כשהם קרובים מאוד זה לזה); נוהג קבוע שפועלים לפיו ללא גמישות,,,,,,0.0,,,,,,,,,,,,,,,,,,,,,,
impending ,מְמַשְׁמֵשׁ וּבָא,,,,,,0.0,,,,,,,,,,,,,,,,,,,,,,
pant ,"הִתְנַשֵּׁם, הִתְנַשֵּׁף; הִלְחִית",,,,,,0.0,,,,,,,,,,,,,,,,,,,,,,
nostril ,נְחִיר,,,,,,0.0,,,,,,,,,,,,,,,,,,,,,,
unintelligible ,בִּלְתִּי מוּבָן,,,,,,0.0,,,,,,,,,,,,,,,,,,,,,,
bewitch ,"כִּשֵּׁף, הִקְסִים",,,,,,0.0,,,,,,,,,,,,,,,,,,,,,,
saliva ,"רֹק, רִיר",,,,,,0.0,,,,,,,,,,,,,,,,,,,,,,
secretion ,הַפְרָשָׁה; הַחְבָּאָה,,,,,,0.0,,,,,,,,,,,,,,,,,,,,,,
medley,"תַּעֲרֹבֶת; מַחְרֹזֶת (שירים); (ספורט) מְעֹרָב, סגנון שחייה המשלב את כל הסגנונות (פרפר, גב, חזה וחופשי)",,,,,,0.0,,,,,,,,,,,,,,,,,,,,,,
perspiration ,זֵעָה,,,,,,1.0,,,,,,,,,,,,,,,,,,,,,,
roil ,"הֶעֱכִיר, עָכַר, הפך לדלוח; הִרְגִּיז",,,,,,0.0,,,,,,,,,,,,,,,,,,,,,,
cauldron ,"קְדֵרָה, קַלַּחַת",,,,,,0.0,,,,,,,,,,,,,,,,,,,,,,
protrude ,"דָּחַף (קדימה או החוצה); הִתְבַּלֵּט, הִזְדַּקֵּר",,,,,,0.0,,,,,,,,,,,,,,,,,,,,,,
veritable ,"אֲמִתִּי, מְקוֹרִי",,,,,,0.0,,,,,,,,,,,,,,,,,,,,,,
whirlwind ,"סוּפָה, סְעָרָה, עַלְעוֹל; עִרְבּוּבְיָה, תִּסְבֹּכֶת",,,,,,0.0,,,,,,,,,,,,,,,,,,,,,,
pizzazz ,"(בלשון הדיבור) זֹהַר, מֶרֶץ, חִיּוּנִיּוּת, רַעֲנַנּוּת",,,,,,0.0,,,,,,,,,,,,,,,,,,,,,,
wee ,"קְטַנְטַן, זָעִיר, פִּצְפּוֹן",,,,,,0.0,,,,,,,,,,,,,,,,,,,,,,
jeopardize ,סִכֵּן,,,,,,0.0,,,,,,,,,,,,,,,,,,,,,,
teeter ,נַדְנֵדָה,,,,,,0.0,,,,,,,,,,,,,,,,,,,,,,
penultimate ,שלפני האחרון; (דקדוק) מִלְּעֵילִי,,,,,,0.0,,,,,,,,,,,,,,,,,,,,,,
amid ,"בְּתוֹךְ, בֵּין, בְּקֶרֶב",,,,,,0.0,,,,,,,,,,,,,,,,,,,,,,
lore ,"חָכְמָה, תּוֹרָה; יֶדַע",,,,,,0.0,,,,,,,,,,,,,,,,,,,,,,
splotch ,כֶּתֶם,,,,,,0.0,,,,,,,,,,,,,,,,,,,,,,
stockpile ,מִצְבּוֹר,,,,,,0.0,,,,,,,,,,,,,,,,,,,,,,
fret ,"הִדְאִיג; שָׁחַק, בִּלָּה; עִצְבֵּן",,,,,,0.0,,,,,,,,,,,,,,,,,,,,,,
seamless ,"בלי תפרים; עשוי מקשה אחת; רָצִיף, הֶמְשֵׁכִי",,,,,,0.0,,,,,,,,,,,,,,,,,,,,,,
exuberant ,"חִיּוּנִי, שופע חיוניות",,,,,,0.0,,,,,,,,,,,,,,,,,,,,,,
throb ,"פָּעַם, הָלַם",,,,,,0.0,,,,,,,,,,,,,,,,,,,,,,
prominence ,חֲשִׁיבוּת; הִתְבַּלְּטוּת,,,,,,0.0,,,,,,,,,,,,,,,,,,,,,,
subside ,"נִרְגַּע, שָׁכַךְ, שָׁקַט; שָׁקַע, צָנַח; הִתְמוֹטֵט",,,,,,0.0,,,,,,,,,,,,,,,,,,,,,,
filmy ,"שָׁקוּף; מְעֻרְפָּל, מְצֹעָף",,,,,,0.0,,,,,,,,,,,,,,,,,,,,,,
sheen ,"בָּרָק, בֹּהַק, זֹהַר",,,,,,0.0,,,,,,,,,,,,,,,,,,,,,,
facsimile ,"פַקְסִימִילְיָה, פַקְס; העתק מדויק",,,,,,0.0,,,,,,,,,,,,,,,,,,,,,,
ersatz ,מְלָאכוּתִי,,,,,,0.0,,,,,,,,,,,,,,,,,,,,,,
hullabaloo ,מְהוּמָה,,,,,,0.0,,,,,,,,,,,,,,,,,,,,,,
ebb ,"פָּחַת, הִתְמַעֵט, יָרַד, דָּעַךְ",,,,,,0.0,,,,,,,,,,,,,,,,,,,,,,
jolt ,"מַכָּה, טַלְטֵלָה, זַעֲזוּעַ, דְּחִיפָה; הֶלֶם, תַּדְהֵמָה; מנה קטנה וחזקה (של משהו)",,,,,,0.0,,,,,,,,,,,,,,,,,,,,,,
embellishment,"יִפּוּי, עִטּוּר, קִשּׁוּט",,,,,,0.0,,,,,,,,,,,,,,,,,,,,,,
deftly ,"בזריזות, במיומנות",,,,,,0.0,,,,,,,,,,,,,,,,,,,,,,
punctuation ,(דִּקְדּוּק) פִּסּוּק; נִקּוּד; הַדְגָּשָׁה,,,,,,0.0,,,,,,,,,,,,,,,,,,,,,,
sate ,"הִלְעִיט, פִּטֵּם",,,,,,0.0,,,,,,,,,,,,,,,,,,,,,,
lusty ,"בָּרִיא, אֵיתָן, חָסוֹן; חָזָק, מְעוֹרֵר",,,,,,0.0,,,,,,,,,,,,,,,,,,,,,,
raptor ,עוֹף דּוֹרֵס,,,,,,0.0,,,,,,,,,,,,,,,,,,,,,,
innate ,מוּלָד,,,,,,0.0,,,,,,,,,,,,,,,,,,,,,,
insemination ,הַזְרָעָה,,,,,,0.0,,,,,,,,,,,,,,,,,,,,,,
seamless ,"בלי תפרים; עשוי מקשה אחת; רָצִיף, הֶמְשֵׁכִי",,,,,,0.0,,,,,,,,,,,,,,,,,,,,,,
coition ,"יַחֲסֵי מִין, הִזְדַּוְּגוּת",,,,,,0.0,,,,,,,,,,,,,,,,,,,,,,
thrust ,"דָּחַף, תָּחַב, נָעַץ; תָּקַף (בחרב או בכלי נשק אחר)",,,,,,0.0,,,,,,,,,,,,,,,,,,,,,,
maiden ,"נַעֲרָה, בְּתוּלָה",,,,,,1.0,,,,,,,,,,,,,,,,,,,,,,
pervasive ,"מְפֻשָּט, נִרְחָב; שיכול להתפשט, לחדור, לחלחל",,,,,,0.0,,,,,,,,,,,,,,,,,,,,,,
denouement ,"התרת הסבך של עלילה ספרותית, קולנועית וכדומה; סוף המעשה",,,,,,1.0,,,,,,,,,,,,,,,,,,,,,,
emanate ,נָבַע,,,,,,0.0,,,,,,,,,,,,,,,,,,,,,,
embellish ,"יִפָּה, קִשֵּׁט",,,,,,0.0,,,,,,,,,,,,,,,,,,,,,,
crescendo ,"(מוזיקה) קְרֶשֶׁנְדּוֹ, בצליל הולך ומתגבר",,,,,,0.0,,,,,,,,,,,,,,,,,,,,,,
recoil ,"רֶתַע, רְתִיעָה, נְסִיגָה",,,,,,0.0,,,,,,,,,,,,,,,,,,,,,,
ardent ,נִלְהָב,,,,,,1.0,,,,,,,,,,,,,,,,,,,,,,
indelible ,"שלא ניתן למחוק אותו, בלתי מחיק; שלא ניתן למחות אותו",,,,,,1.0,,,,,,,,,,,,,,,,,,,,,,
undulate ,גַּלִּי,,,,,,0.0,,,,,,,,,,,,,,,,,,,,,,
clasp ,"אַבְזָם, סֶגֶר, תֶּפֶס; חִבּוּק; לְחִיצָה, אֲחִיזָה",,,,,,0.0,,,,,,,,,,,,,,,,,,,,,,
lout ,"שׁוֹטֶה, אִידְיוֹט; גַּס רוּחַ",,,,,,1.0,,,,,,,,,,,,,,,,,,,,,,
cheapskate ,"(בלשון הדיבור) קַמְצָן, כִּילַי",,,,,,0.0,,,,,,,,,,,,,,,,,,,,,,
deadbeat ,(בלשון הדיבור) בַּטְלָן,,,,,,0.0,,,,,,,,,,,,,,,,,,,,,,
crude ,"גָּלְמִי; גַּס; לא משוכלל, פָּשׁוּט",,,,,,0.0,,,,,,,,,,,,,,,,,,,,,,
depraved ,מֻשְׁחָת,,,,,,0.0,,,,,,,,,,,,,,,,,,,,,,
quirk ,מוּזָרוּת (באופי או בהתנהגות); תפנית פתאומית ובלתי-צפויה; סלסול בכתב-יד,,,,,,1.0,,,,,,,,,,,,,,,,,,,,,,
batty ,"(בלשון הדיבור) מְשֻׁגָּע, מְטֹרָף",,,,,,0.0,,,,,,,,,,,,,,,,,,,,,,
floss ,ניקה שיניים בעזרת חוט דנטאלי,,,,,,0.0,,,,,,,,,,,,,,,,,,,,,,
loathing,תִּעוּב,,,,,,1.0,,,,,,,,,,,,,,,,,,,,,,
surmount ,הִתְגַּבֵּר,,,,,,0.0,,,,,,,,,,,,,,,,,,,,,,
quash ,"דִּכֵּא; בִּטֵּל; דָּחָה, שָׁלַל",,,,,,1.0,,,,,,,,,,,,,,,,,,,,,,
feat ,"הֶשֵּׂג, מעשה מרשים, הפגנת כוח או כישרון, מעשה גבורה",,,,,,0.0,,,,,,,,,,,,,,,,,,,,,,
hone ,"הִשְׁחִיז, חִדֵּד",,,,,,0.0,,,,,,,,,,,,,,,,,,,,,,
perpetual ,"נִצְחִי, תְּמִידִי",,,,,,0.0,,,,,,,,,,,,,,,,,,,,,,
adversity ,"מְצוּקָה, צָרָה; מַזָּל רַע [בִּישׁ]",,,,,,1.0,,,,,,,,,,,,,,,,,,,,,,
slight,"מוּעָט, דַּל, זָעוּם, קָטָן; דַּק, עָדִין, קַל; קָלוּשׁ",,,,,,0.0,,,,,,,,,,,,,,,,,,,,,,
confined,"תָּחוּם, מֻגְדָּר, מֻבְחָן",,,,,,0.0,,,,,,,,,,,,,,,,,,,,,,
bluster ,"הִתְרַבְרְבוּת; אִיּוּם סְרָק; סוּפָה, סְעָרָה",,,,,,0.0,,,,,,,,,,,,,,,,,,,,,,
serene ,"שָׁלֵו, רָגוּעַ; בָּהִיר, צַח; נֶאֱצָל (כתואר כבוד מלכותי)",,,,,,0.0,,,,,,,,,,,,,,,,,,,,,,
aspire ,שָׁאַף; הביע תקווה; עָלָה לִגְדֻלָּה,,,,,,0.0,,,,,,,,,,,,,,,,,,,,,,
indifferent ,"אָדִישׁ, שְׁוֵה נֶפֶשׁ",,,,,,0.0,,,,,,,,,,,,,,,,,,,,,,
snark ,(סלנג) הבעת פנים או גישה לעגנית וצינית,,,,,,0.0,,,,,,,,,,,,,,,,,,,,,,
indignant ,"מְמֻרְמָר, זועם כתוצאה מאי-צדק או יחס בלתי הוגן",,,,,,0.0,,,,,,,,,,,,,,,,,,,,,,
berate ,"נָזַף, גָּעַר",,,,,,0.0,,,,,,,,,,,,,,,,,,,,,,
snip ,גְּזִיזָה; (בלשון הדיבור) מְצִיאָה; (בלשון הדיבור) משהו שנעשה בקלות; (בלשון הדיבור) אדם או דבר חסר חשיבות,,,,,,0.0,,,,,,,,,,,,,,,,,,,,,,
comprise ,"כָּלַל, הֵכִיל",,,,,,0.0,,,,,,,,,,,,,,,,,,,,,,
alleviate ,"הֵקֵל, שִׁכֵּךְ, הִרְגִּיעַ",,,,,,0.0,,,,,,,,,,,,,,,,,,,,,,
whim ,"גַּחֲמָה, שִׁגָּיוֹן; (בעבר) מַדְלֶה, מתקן שסוס רתום אליו להרמת משאות כבדים ממכרות",,,,,,0.0,,,,,,,,,,,,,,,,,,,,,,
opulence ,"עֹשֶׁר, שֶׁפַע",,,,,,1.0,,,,,,,,,,,,,,,,,,,,,,
scraps ,שאריות (של מזון),,,,,,1.0,,,,,,,,,,,,,,,,,,,,,,
bum ,"בַּטְלָן, קַבְּצָן; יַשְׁבָן",,,,,,0.0,,,,,,,,,,,,,,,,,,,,,,
remnant ,"שְׁאֵרִית, שָׂרִיד",,,,,,0.0,,,,,,,,,,,,,,,,,,,,,,
brink ,"קָצֶה, שָׂפָה, גָּדָה, גְּבוּל",,,,,,0.0,,,,,,,,,,,,,,,,,,,,,,
delve ,"חָקַר, הִתְעַמֵּק, יָרַד לְשָׁרְשָׁם שֶׁל דְּבָרִים; חָפַר, עָדַר; הִתְחַפֵּר",,,,,,1.0,,,,,,,,,,,,,,,,,,,,,,
tenet ,"אֱמוּנָה, דּוֹגְמָה, דֵּעָה",,,,,,0.0,,,,,,,,,,,,,,,,,,,,,,
premise,"הַנָּחָה, הַנָּחַת יְסוֹד",,,,,,0.0,,,,,,,,,,,,,,,,,,,,,,
saunter ,"טייל להנאתו, שוטט בנחת וללא מטרה מוגדרת",,,,,,0.0,,,,,,,,,,,,,,,,,,,,,,
proverbial ,פִּתְגָּמִי; ידוע לכול,,,,,,0.0,,,,,,,,,,,,,,,,,,,,,,
spur ,"עוֹרֵר, דִּרְבֵּן, הִמְרִיץ; זירז (בדרך כלל סוס) בעזרת דורבנות",,,,,,0.0,,,,,,,,,,,,,,,,,,,,,,
digress ,"סָטָה, חָרַג",,,,,,0.0,,,,,,,,,,,,,,,,,,,,,,
adhere ,"דבק ב_, נצמד ל_, דגל ב_",,,,,,0.0,,,,,,,,,,,,,,,,,,,,,,
coddle ,פִּנֵּק; בישל לאט,,,,,,0.0,,,,,,,,,,,,,,,,,,,,,,
salivate ,"רִיֵּר, רִקֵּק",,,,,,0.0,,,,,,,,,,,,,,,,,,,,,,
designate ,יִעֵד; מִנָּה; צִיֵּן,,,,,,0.0,,,,,,,,,,,,,,,,,,,,,,
bestow ,"הֶעֱנִיק (מתנה, פרס)",,,,,,0.0,,,,,,,,,,,,,,,,,,,,,,
rattle ,"קִשְׁקוּשׁ, שִׁקְשׁוּק, קִרְקוּשׁ; לַהַג, פִּטְפּוּט; רַעֲשָׁן (צעצוע); קַשְׁקְשָׁן (צעצוע)",,,,,,0.0,,,,,,,,,,,,,,,,,,,,,,
pulverize ,"שָׁחַק, רִסֵּק, כָּתַשׁ; הָרַס",,,,,,0.0,,,,,,,,,,,,,,,,,,,,,,
tabloid ,"צְהֻבּוֹן, טַבְּלוֹאִיד",,,,,,0.0,,,,,,,,,,,,,,,,,,,,,,
leech ,עֲלוּקָה,,,,,,0.0,,,,,,,,,,,,,,,,,,,,,,
bogus ,"מְזֻיָּף; כּוֹזֵב, בָּדוּי",,,,,,0.0,,,,,,,,,,,,,,,,,,,,,,
finagle ,"(בלשון הדיבור) הוֹנָה, תִּחְמֵן",,,,,,0.0,,,,,,,,,,,,,,,,,,,,,,
inane ,"אֱווילי, טיפשי",,,,,,0.0,,,,,,,,,,,,,,,,,,,,,,
exude ,"הִפְרִישׁ, פָּלַט, שִׁחְרֵר",,,,,,0.0,,,,,,,,,,,,,,,,,,,,,,
aggrandize ,"הִגְדִּיל, הִרְחִיב; חִזֵּק; הֶאֱדִיר",,,,,,0.0,,,,,,,,,,,,,,,,,,,,,,
impervious ,"בִּלְתִּי חָדִיר, אָטוּם",,,,,,0.0,,,,,,,,,,,,,,,,,,,,,,
albeit ,אִם כִּי,,,,,,0.0,,,,,,,,,,,,,,,,,,,,,,
blatant ,"קוֹלָנִי, בּוֹטֶה",,,,,,0.0,,,,,,,,,,,,,,,,,,,,,,
gawk ,בָּהָה (בטפשות),,,,,,0.0,,,,,,,,,,,,,,,,,,,,,,
reside ,"הִתְגּוֹרֵר, גָּר, שָׁכַן; חַי",,,,,,0.0,,,,,,,,,,,,,,,,,,,,,,
humdrum ,"רָגִיל, שִׁגְרָתִי, מְשַׁעֲמֵם",,,,,,0.0,,,,,,,,,,,,,,,,,,,,,,
exacerbate ,"הֶחְמִיר, הֵרַע, הֶחְרִיף; עִצְבֵּן",,,,,,0.0,,,,,,,,,,,,,,,,,,,,,,
unerring ,"שלא החטיא את המטרה; בָּטוּחַ, וַדָּאִי",,,,,,0.0,,,,,,,,,,,,,,,,,,,,,,
tide ,גֵּאוּת וָשֵׁפֶל,,,,,,1.0,,,,,,,,,,,,,,,,,,,,,,
flounder ,"התקשה לנוע, נע בכבדות ובצורה מגושמת; פִּרְכֵּס, הִתְחַבֵּט",,,,,,0.0,,,,,,,,,,,,,,,,,,,,,,
deploy,"הִתְפָּרֵס, נִפְרַשׂ; פָּרַס (כוחות צבא), שלח (אנשים) למשימה מסוימת; הִצִּיב; השתמש (במשהו) למטרה מסוימת",,,,,,0.0,,,,,,,,,,,,,,,,,,,,,,
stray ,תּוֹעֶה; מִקְרִי; פָּזוּר,,,,,,0.0,,,,,,,,,,,,,,,,,,,,,,
pillage ,בִּזָּה,,,,,,0.0,,,,,,,,,,,,,,,,,,,,,,
conjunction ,"אִחוּד, צֵרוּף; חִבּוּר; (דִּקְדּוּק) צֵרוּף לָשׁוֹן; (דִּקְדּוּק) מִלַּת אִחוּי [חִבּוּר]; (לוגיקה) קוֹנְיוּנְקְצְיָה, טענה המורכבת משני פסוקים וביניהם 'וגם' והיא אמיתית רק אם כל אחד מהפסוקים אמיתי",,,,,,0.0,,,,,,,,,,,,,,,,,,,,,,
leaflet ,עָלוֹן; עַלְעַל,,,,,,0.0,,,,,,,,,,,,,,,,,,,,,,
merry,"עַלִּיז, שָׂמֵחַ, צוֹהֵל; (בלשון הדיבור) מְבֻסָּם",,,,,,0.0,,,,,,,,,,,,,,,,,,,,,,
wage ,"פָּתַח, הִתְחִיל; עָרַךְ, נִהֵל",,,,,,0.0,,,,,,,,,,,,,,,,,,,,,,
stir ,"עִרְבֵּב, בָּחַשׁ; הִתְנוֹעֵעַ, זָע, נָע; הֵנִיעַ, הֵזִיז; עוֹרֵר, הִצִּית",,,,,,0.0,,,,,,,,,,,,,,,,,,,,,,
stifling ,מַחְנִיק,,,,,,0.0,,,,,,,,,,,,,,,,,,,,,,
scavenge ,"חיטט בזבל; נִקָּה, טִהֵר",,,,,,0.0,,,,,,,,,,,,,,,,,,,,,,
reconnaissance ,"סיור היכרות, סיור בשטח אויב",,,,,,0.0,,,,,,,,,,,,,,,,,,,,,,
damp ,"לַח, טָחוּב",,,,,,0.0,,,,,,,,,,,,,,,,,,,,,,
recess ,"הַפְסָקָה; פַּגְרָה; מִגְרַעַת, גֻּמְחָה, שֶׁקַע",,,,,,1.0,,,,,,,,,,,,,,,,,,,,,,
rodent ,מְכַרְסֵם,,,,,,0.0,,,,,,,,,,,,,,,,,,,,,,
clamor ,"צָעַק, זָעַק, הִרְעִישׁ",,,,,,0.0,,,,,,,,,,,,,,,,,,,,,,
relic,"שָׂרִיד, שְׁאֵרִית; מַזְכֶּרֶת",,,,,,1.0,,,,,,,,,,,,,,,,,,,,,,
vacuous ,"רֵיק, רֵיקָנִי",,,,,,0.0,,,,,,,,,,,,,,,,,,,,,,
lethargic ,"מְנֻמְנָם, רָדוּם; תָּשׁוּשׁ, נִרְפֶּה",,,,,,0.0,,,,,,,,,,,,,,,,,,,,,,
whack ,"סְטִירָה, פְלִיק; (בלשון הדיבור) חֵלֶק, מָנָה; (בלשון הדיבור) נִסָּיוֹן",,,,,,0.0,,,,,,,,,,,,,,,,,,,,,,
bug ,"הֵצִיק, הִטְרִיד, קִרְצֵץ; שתל מכשיר האזנה (במקום או בטלפון)",,,,,,0.0,,,,,,,,,,,,,,,,,,,,,,
raucous ,"צָרוּד, מְחֻסְפָּס, גַּס; מִתְלַהֵם, מְשֻׁלְהָב",,,,,,0.0,,,,,,,,,,,,,,,,,,,,,,
vow ,"נִשְׁבַּע, נָדַר",,,,,,0.0,,,,,,,,,,,,,,,,,,,,,,
ornament ,"קִשֵּׁט, עִטֵּר",,,,,,0.0,,,,,,,,,,,,,,,,,,,,,,
vie ,הִתְחָרָה,,,,,,0.0,,,,,,,,,,,,,,,,,,,,,,
accolade ,"מתן אות, מתן עיטור; תֹּאַר כָּבוֹד; תְּהִלָּה",,,,,,0.0,,,,,,,,,,,,,,,,,,,,,,
drainage ,"נִקּוּז, רִקּוּן; תְּעָלָה; בִּיּוּב, שְׁפָכִים",,,,,,0.0,,,,,,,,,,,,,,,,,,,,,,
ditch ,"שׁוּחָה, מַחְפֹּרֶת; תְּעָלָה; (בלשון הדיבור) בִּיב; חֲפִיר",,,,,,0.0,,,,,,,,,,,,,,,,,,,,,,
eerily ,באופן מפחיד; באופן משונה,,,,,,0.0,,,,,,,,,,,,,,,,,,,,,,
agonize ,"עִנָּה, יִסֵּר; הִתְיַסֵּר, הִתְעַנָּה",,,,,,0.0,,,,,,,,,,,,,,,,,,,,,,
condolence,תַּנְחוּמִים,,,,,,0.0,,,,,,,,,,,,,,,,,,,,,,
slander ,"דִּבָּה, לַעַז, הַשְׁמָצָה, הַכְפָּשָׁה",,,,,,0.0,,,,,,,,,,,,,,,,,,,,,,
adulation ,"חֲנֻפָּה, הִתְחַנְּפוּת, חֶלְקַת לָשׁוֹן; הערצה מוגזמת וקיצונית",,,,,,0.0,,,,,,,,,,,,,,,,,,,,,,
adulterer ,"נוֹאֵף, זַנַּאי, נַאֲפָן",,,,,,0.0,,,,,,,,,,,,,,,,,,,,,,
shatter ,"נִפֵּץ, נִתֵּץ; הָרַס; (בלשון הדיבור) עִיֵּף, הִתִּישׁ",,,,,,0.0,,,,,,,,,,,,,,,,,,,,,,
whim ,"גַּחֲמָה, שִׁגָּיוֹן; (בעבר) מַדְלֶה, מתקן שסוס רתום אליו להרמת משאות כבדים ממכרות",,,,,,0.0,,,,,,,,,,,,,,,,,,,,,,
invigorating ,"ממריץ, מְרַעֲנֵן",,,,,,0.0,,,,,,,,,,,,,,,,,,,,,,
perpetuate ,"קִבֵּעַ, שִׁמֵּר, הִנְצִיחַ",,,,,,0.0,,,,,,,,,,,,,,,,,,,,,,
duck ,"הִתְכּוֹפֵף; (בלשון הדיבור) הִתְחַמֵּק; נע מהר, התקדם במהירות",,,,,,0.0,,,,,,,,,,,,,,,,,,,,,,
arduous ,"מְפָרֵךְ, מְיַגֵּעַ",,,,,,0.0,,,,,,,,,,,,,,,,,,,,,,
prominent ,"בּוֹלֵט, מֻבְלָט; חָשׁוּב",,,,,,0.0,,,,,,,,,,,,,,,,,,,,,,
excessive ,"מֻגְזָם, מֻפְרָז, עוֹדֵף",,,,,,0.0,,,,,,,,,,,,,,,,,,,,,,
obscure ,"מְעֻרְפָּל, לא ברור; חסר חשיבות; מֻסְתָּר, חָבוּי; אָפֵל, קוֹדֵר",,,,,,0.0,,,,,,,,,,,,,,,,,,,,,,
spasm ,"עֲוִית, פִּרְכּוּס, סְפַּזְמָה; הִתְפָּרְצוּת, הֶתְקֵף",,,,,,0.0,,,,,,,,,,,,,,,,,,,,,,
renowned ,"יָדוּעַ, מְפֻרְסָם",,,,,,0.0,,,,,,,,,,,,,,,,,,,,,,
oddball ,"(בלשון הדיבור) מוּזָר, מְשֻׁנֶּה",,,,,,0.0,,,,,,,,,,,,,,,,,,,,,,
salvage ,"הַצָּלָה, חִלּוּץ; חילוץ של ספינה; ספינה, צִוותה או מטענה שחולצו; (ביטוח) נְצֹלֶת",,,,,,0.0,,,,,,,,,,,,,,,,,,,,,,
brunt ,"מַחַץ, הנזק העיקרי (במצב כלשהו); נֵטֶל, עֹל",,,,,,0.0,,,,,,,,,,,,,,,,,,,,,,
wrath ,"זַעַם, חָרוֹן, חֵמָה",,,,,,0.0,,,,,,,,,,,,,,,,,,,,,,
emaciated ,"רָזֶה, כָּחוּשׁ, מְצֻמָּק",,,,,,0.0,,,,,,,,,,,,,,,,,,,,,,
spacious ,"מְרֻוָּח, רְחַב יָדַיִם",,,,,,0.0,,,,,,,,,,,,,,,,,,,,,,
fallacy ,רעיון או דעה שהם מופרכים מעיקרם,,,,,,1.0,,,,,,,,,,,,,,,,,,,,,,
vain ,"גַּאַוְתָן, שַׁחְצָן; חֲסַר עֵרֶךְ, חֲסַר תּוֹעֶלֶת",,,,,,0.0,,,,,,,,,,,,,,,,,,,,,,
escort ,לִוָּה,,,,,,0.0,,,,,,,,,,,,,,,,,,,,,,
rifle ,"שָׁדַד, בָּזַז, חָטַף",,,,,,0.0,,,,,,,,,,,,,,,,,,,,,,
desensitization ,"נטילת רגישות, הקהיית רגישות, הורדת רמת הרגישות",,,,,,0.0,,,,,,,,,,,,,,,,,,,,,,
saddle ,"הניח אוכף (על גב הבהמה), אִכֵּף; הֶעֱמִיס (על מישהו), הִכְבִּיד, הֵטִיל",,,,,,0.0,,,,,,,,,,,,,,,,,,,,,,
alleviate ,"הֵקֵל, שִׁכֵּךְ, הִרְגִּיעַ",,,,,,0.0,,,,,,,,,,,,,,,,,,,,,,
infraction ,הֲפָרָה; עֲבֵרָה,,,,,,0.0,,,,,,,,,,,,,,,,,,,,,,
garner ,"(מְיֻשָּׁן) מַמְּגוּרָה, אָסָם; מַחְסָן",,,,,,1.0,,,,,,,,,,,,,,,,,,,,,,
perpetuate ,הִנְצִיחַ,,,,,,0.0,,,,,,,,,,,,,,,,,,,,,,
indignation ,התמרמרות או זעם שמקורם באי-צדק או יחס בלתי הוגן,,,,,,0.0,,,,,,,,,,,,,,,,,,,,,,
devour ,"טָרַף, זָלַל",,,,,,0.0,,,,,,,,,,,,,,,,,,,,,,
agile ,"זָרִיז, קַל תְּנוּעָה, מָהִיר; מלא חיים",,,,,,1.0,,,,,,,,,,,,,,,,,,,,,,
rampant ,"אַלִּים, תּוֹקְפָנִי, משתולל; שגדל פרא",,,,,,0.0,,,,,,,,,,,,,,,,,,,,,,
reverberate ,"הִדְהֵד, הִשְׁתַּקֵּף; שִׁקֵּף",,,,,,0.0,,,,,,,,,,,,,,,,,,,,,,
revolve ,"הָפַךְ בַּדָּבָר, הִרְהֵר, הָגָה במשהו; סוֹבֵב, הִקִּיף; הִסְתּוֹבֵב",,,,,,0.0,,,,,,,,,,,,,,,,,,,,,,
obscure ,"מְעֻרְפָּל, לא ברור; חסר חשיבות; מֻסְתָּר, חָבוּי; אָפֵל, קוֹדֵר",,,,,,0.0,,,,,,,,,,,,,,,,,,,,,,
mortgage,מַשְׁכּוֹן; מַשְׁכַּנְתָּא,,,,,,0.0,,,,,,,,,,,,,,,,,,,,,,
gawk ,בָּהָה (בטפשות),,,,,,0.0,,,,,,,,,,,,,,,,,,,,,,
decipher ,פִּעְנֵחַ,,,,,,1.0,,,,,,,,,,,,,,,,,,,,,,
conjunction ,"אִחוּד, צֵרוּף; חִבּוּר; (דִּקְדּוּק) צֵרוּף לָשׁוֹן; (דִּקְדּוּק) מִלַּת אִחוּי [חִבּוּר]; (לוגיקה) קוֹנְיוּנְקְצְיָה, טענה המורכבת משני פסוקים וביניהם 'וגם' והיא אמיתית רק אם כל אחד מהפסוקים אמיתי",,,,,,1.0,,,,,,,,,,,,,,,,,,,,,,
,,,,,,,0.0,,,,,,,,,,,,,,,,,,,,,,
blaze,"הִתְלַקֵּחַ, בָּעַר, לָהַט, לִהֵט, הִבְהִיק",,,,,,0.0,,,,,,,,,,,,,,,,,,,,,,
jumble,עִרְבּוּבְיָה; סוג של עוגייה דקה בצורת טבעת,,,,,,0.0,,,,,,,,,,,,,,,,,,,,,,
harbinger ,"מְבַשֵּׂר, כָּרוֹז",,,,,,0.0,,,,,,,,,,,,,,,,,,,,,,
budge ,"זָז, מָשׁ; הֵזִיז; שינה את דעתו; גרם (למישהו) לשנות את דעתו",,,,,,0.0,,,,,,,,,,,,,,,,,,,,,,
guzzle ,"סָבָא, זָלַל",,,,,,0.0,,,,,,,,,,,,,,,,,,,,,,
relentlessly ,"בקשיחות, בנוקשות, בחוסר רחמים; ללא פשרות",,,,,,0.0,,,,,,,,,,,,,,,,,,,,,,
relinquish ,וִתֵּר,,,,,,0.0,,,,,,,,,,,,,,,,,,,,,,
unwavering ,שאינו הססני; יַצִּיב,,,,,,0.0,,,,,,,,,,,,,,,,,,,,,,
slight ,"זִלְזֵל, הֵקֵל רֹאשׁ (במישהו/במשהו); הֶעֱלִיב, פָּגַע",,,,,,0.0,,,,,,,,,,,,,,,,,,,,,,
rebuff,"הִתְנַגֵּד, סֵרֵב, דָּחָה; הָדַף",,,,,,0.0,,,,,,,,,,,,,,,,,,,,,,
preempt ,"רכש על-ידי מימוש זכות קדימה; מָנַע, סִכֵּל; תָּפַס אֶת מְקוֹמוֹ (של משהו), היה בִּמקום (משהו)",,,,,,0.0,,,,,,,,,,,,,,,,,,,,,,
adage ,"פִּתְגָּם, מֵימְרָה",,,,,,0.0,,,,,,,,,,,,,,,,,,,,,,
concede ,"הוֹדָה, הִתְוַדָּה; וִתֵּר",,,,,,0.0,,,,,,,,,,,,,,,,,,,,,,
agitate ,"הִסְעִיר, שִׁלְהֵב; זִעְזֵעַ; הֵסִית, סִכְסֵךְ, הִתְסִיס; עִצְבֵּן, נִדְנֵד, הִטְרִיד",,,,,,0.0,,,,,,,,,,,,,,,,,,,,,,
swanky ,"רַאַוְתָנִי, רַבְרְבָנִי; גַּנְדְּרָנִי, טַרְזָנִי, אָפְנָתִי",,,,,,0.0,,,,,,,,,,,,,,,,,,,,,,
fierce ,פְּרָאִי; עַז; (בלשון הדיבור) מאוד לא נעים,,,,,,0.0,,,,,,,,,,,,,,,,,,,,,,
precedence ,"זְכוּת קְדִימָה, דִּין קְדִימָה, בְּכוֹרָה",,,,,,0.0,,,,,,,,,,,,,,,,,,,,,,
wonky ,"(בלשון הדיבור) בִּלְתִּי יַצִּיב, רָעוּעַ; (בלשון הדיבור) נָטוּי, מֻטֶּה, אֲלַכְסוֹנִי",,,,,,1.0,,,,,,,,,,,,,,,,,,,,,,
admonish ,"הִזְהִיר, הִתְרִיעַ; הִפְצִיר; הוֹכִיחַ, נָזַף",,,,,,0.0,,,,,,,,,,,,,,,,,,,,,,
rivalry ,"יְרִיבוּת, הִתְחָרוּת",,,,,,0.0,,,,,,,,,,,,,,,,,,,,,,
entitlement ,"זְכוּת, אִשּׁוּר",,,,,,0.0,,,,,,,,,,,,,,,,,,,,,,
litmus ,"(כִימְיָה) לַקְמוּס, חומר המבחין בין בסיס לחומצה",,,,,,0.0,,,,,,,,,,,,,,,,,,,,,,
lace ,"שָׂרַךְ; נסגר בשרוך; הוסיף כמות קטנה של אלכוהול (למזון או למשקה); שָׁזַר, רָקַם; (בלשון הדיבור) הִפְלִיק, הִרְבִּיץ",,,,,,1.0,,,,,,,,,,,,,,,,,,,,,,
jolt ,"הִתְנַגֵּשׁ, נִכְנַס; הִדְהִים, הִפְתִּיעַ",,,,,,0.0,,,,,,,,,,,,,,,,,,,,,,
fling ,"זָרַק, הֵעִיף, הֵטִיל",,,,,,0.0,,,,,,,,,,,,,,,,,,,,,,
stifle ,"חָנַק, הֶחְנִיק, הִשְׁנִיק; רָמַס, הָרַס",,,,,,0.0,,,,,,,,,,,,,,,,,,,,,,
prolific ,"פּוֹרֶה, שׁוֹפֵעַ",,,,,,0.0,,,,,,,,,,,,,,,,,,,,,,
gruesome ,"מַבְעִית, אֵימְתָנִי, אָיֹם, נוֹרָא",,,,,,0.0,,,,,,,,,,,,,,,,,,,,,,
rubble ,"חָצָץ; שברי אבנים, הריסות; פסולת בנייה",,,,,,0.0,,,,,,,,,,,,,,,,,,,,,,
petty,"קָטָן, חֲסַר חֲשִׁיבוּת; קַטְנוּנִי",,,,,,0.0,,,,,,,,,,,,,,,,,,,,,,
adversity ,"מְצוּקָה, צָרָה; מַזָּל רַע [בִּישׁ]",,,,,,0.0,,,,,,,,,,,,,,,,,,,,,,
reversal ,"הִפּוּךְ, הֲפִיכָה; חִלּוּף, הַחְלָפָה, שִׁנּוּי",,,,,,0.0,,,,,,,,,,,,,,,,,,,,,,
bewildered ,מְבֻלְבָּל,,,,,,0.0,,,,,,,,,,,,,,,,,,,,,,
requisite ,"צֹרֶךְ, הֶכְרֵחַ",,,,,,0.0,,,,,,,,,,,,,,,,,,,,,,
loaf ,"הִתְבַּטֵּל, הִתְמַזְמֵז",,,,,,0.0,,,,,,,,,,,,,,,,,,,,,,
opaque ,"אָטוּם, עָמוּם, עָכוּר; בִּלְתִּי מוּבָן, סָתוּם",,,,,,0.0,,,,,,,,,,,,,,,,,,,,,,
deception ,"הַטְעָיָה, רַמָּאוּת, הוֹלָכַת שׁוֹלָל, תַּעְתּוּעַ",,,,,,1.0,,,,,,,,,,,,,,,,,,,,,,
abundance ,"שֶׁפַע, רִבּוּי, עֹשֶׁר, גֹּדֶשׁ",,,,,,0.0,,,,,,,,,,,,,,,,,,,,,,
extricate ,"שִׁחְרֵר, הִתִּיר, חִלֵּץ",,,,,,1.0,,,,,,,,,,,,,,,,,,,,,,
meticulously ,"בצורה מדוקדקת וקפדנית, בדייקנות, בִּקְפִידָה",,,,,,0.0,,,,,,,,,,,,,,,,,,,,,,
repress ,"דִּכֵּא, הִדְחִיק",,,,,,0.0,,,,,,,,,,,,,,,,,,,,,,
unadulterated ,"טָהוֹר, שלא פגמו בו, שלא חיללו אותו",,,,,,0.0,,,,,,,,,,,,,,,,,,,,,,
blunt ,"בּוֹטֶה; קֵהֶה, עָמוּם",,,,,,0.0,,,,,,,,,,,,,,,,,,,,,,
flounder ,"התקשה לנוע, נע בכבדות ובצורה מגושמת; פִּרְכֵּס, הִתְחַבֵּט",,,,,,0.0,,,,,,,,,,,,,,,,,,,,,,
gulp,"בָּלַע, לָגַם, גָּמַע",,,,,,0.0,,,,,,,,,,,,,,,,,,,,,,
grant ,מַעֲנָק; מִלְגָּה; קִצְבָּה,,,,,,1.0,,,,,,,,,,,,,,,,,,,,,,
breach ,"הֵפֵר, פָּרַץ",,,,,,0.0,,,,,,,,,,,,,,,,,,,,,,
replete ,"שׁוֹפֵעַ, מָלֵא, גָּדוּשׁ",,,,,,0.0,,,,,,,,,,,,,,,,,,,,,,
hopscotch ,קְלָס,,,,,,0.0,,,,,,,,,,,,,,,,,,,,,,
faint ,הִתְעַלֵּף,,,,,,0.0,,,,,,,,,,,,,,,,,,,,,,
recess ,"הַפְסָקָה; פַּגְרָה; מִגְרַעַת, גֻּמְחָה, שֶׁקַע",,,,,,0.0,,,,,,,,,,,,,,,,,,,,,,
lump ,"גּוּשׁ; נְפִיחוּת, תְּפִיחוּת; (בלשון הדיבור) גֹּלֶם",,,,,,0.0,,,,,,,,,,,,,,,,,,,,,,
propel ,"הֵנִיעַ, דָּחַף",,,,,,1.0,,,,,,,,,,,,,,,,,,,,,,
indoctrinate ,"לִמֵּד, הִטִּיף, הִנְחִיל, הִקְנָה",,,,,,0.0,,,,,,,,,,,,,,,,,,,,,,
affirm ,"אִשֵּׁר; טָעַן, הִצְהִיר",,,,,,0.0,,,,,,,,,,,,,,,,,,,,,,
rudder ,הֶגֶה כִּוּוּן (במטוס או באונייה),,,,,,0.0,,,,,,,,,,,,,,,,,,,,,,
marital ,שקשור לנישואין; שקשור לבעל,,,,,,0.0,,,,,,,,,,,,,,,,,,,,,,
porous  , נַקְבּוּבִי; מְחֹרָר; שניתן לחלחל או להסתנן דרכו,,,,,,0.0,,,,,,,,,,,,,,,,,,,,,,
delineation ,"שִׂרְטוּט, תֵּאוּר, מִתְוֶה",,,,,,0.0,,,,,,,,,,,,,,,,,,,,,,
trait ,"תְּכוּנָה, מְאַפְיֵן; (נָדִיר) מַכָּה",,,,,,0.0,,,,,,,,,,,,,,,,,,,,,,
mold ,"עִצֵּב; הִתְעַפֵּשׁ, הֶעֱלָה עֹבֶשׁ",,,,,,0.0,,,,,,,,,,,,,,,,,,,,,,
denounce ,"הוֹקִיעַ, גִּנָּה; הֶאֱשִׁים",,,,,,0.0,,,,,,,,,,,,,,,,,,,,,,
rant ,"הבעת תרעומת, התבטאות בכעס או באלימות; מְלִיצָה, לָשׁוֹן גְּבוֹהָה",,,,,,0.0,,,,,,,,,,,,,,,,,,,,,,
loth ,"סַרְבָנִי, ממאן",,,,,,0.0,,,,,,,,,,,,,,,,,,,,,,
colon ,"נְקֻדָּתַיִם; (אנטומיה) הַמְּעִי הַגַּס, כַּרְכֶּשֶׁת",,,,,,0.0,,,,,,,,,,,,,,,,,,,,,,
grim ,"פְּרָאִי, בַּרְבָּרִי; מַבְעִית, מַפְחִיד; קוֹדֵר, עַגְמוּמִי, זוֹעֵף",,,,,,0.0,,,,,,,,,,,,,,,,,,,,,,
bedridden ,"רתוק למיטה, חוֹלֶה",,,,,,0.0,,,,,,,,,,,,,,,,,,,,,,
contemplate ,"שָׁקַל, הִרְהֵר",,,,,,0.0,,,,,,,,,,,,,,,,,,,,,,
compel ,"חִיֵּב, אִלֵּץ",,,,,,0.0,,,,,,,,,,,,,,,,,,,,,,
cease ,"הִפְסִיק, חָדַל",,,,,,0.0,,,,,,,,,,,,,,,,,,,,,,
ridicule ,"צְחוֹק, לַעַג",,,,,,0.0,,,,,,,,,,,,,,,,,,,,,,
startling ,"מַבְהִיל, מַפְחִיד, מקפיץ",,,,,,0.0,,,,,,,,,,,,,,,,,,,,,,
reconcile ,"הִשְׁלִים, קִבֵּל; הִתְפַּיֵּס; יִשֵּׁב, יִשֵּׁר אֶת הַהֲדוּרִים ",,,,,,1.0,,,,,,,,,,,,,,,,,,,,,,
demise ,"קֵץ, כִּשָּׁלוֹן; מָוֶת, פְּטִירָה; הוֹרָשָׁה, הַנְחָלָה; הֶפְסֵד, תְּבוּסָה",,,,,,1.0,,,,,,,,,,,,,,,,,,,,,,
mischief ,"מַעֲשֵׂה קֻנְדָּס; נֶזֶק, פְּגִיעָה; רָעָה",,,,,,0.0,,,,,,,,,,,,,,,,,,,,,,
gracious ,"חִנָּנִי; אָדִיב, נָעִים",,,,,,0.0,,,,,,,,,,,,,,,,,,,,,,
laid-back ,(בלשון הדיבור) רָגוּעַ,,,,,,0.0,,,,,,,,,,,,,,,,,,,,,,
mull ,"הִרְהֵר, הָגָה; חימם, המתיק ותיבל (יין או סיידר)",,,,,,0.0,,,,,,,,,,,,,,,,,,,,,,
effervescent ,"תּוֹסֵס, מבעבע",,,,,,0.0,,,,,,,,,,,,,,,,,,,,,,
pound ,"פָּאוּנְד, יחידת מסה או משקל השווה ל-454 גרם בקירוב; לִירָה שְׂטֶרְלִינְג; גְּדֵרָה, מִכְלָאָה לבעלי חיים; מחסן לרכוש מוחרם (כמו מכוניות); חֲבָטָה",,,,,,0.0,,,,,,,,,,,,,,,,,,,,,,
hock ,"מַשְׁכּוֹן, מִשְׁכּוּן",,,,,,0.0,,,,,,,,,,,,,,,,,,,,,,
abyss ,"תְּהוֹם, מְצוּלָה, מַעֲמַקִּים; שְׁאוֹל",,,,,,0.0,,,,,,,,,,,,,,,,,,,,,,
clutch ,"מַצְמֵד, קְלָאץ'; לְפִיתָה, אֲחִיזָה; ביצים לדגירה; תיק קטן לנשים",,,,,,0.0,,,,,,,,,,,,,,,,,,,,,,
wail ,"יְלָלָה, יְבָבָה; קִינָה",,,,,,0.0,,,,,,,,,,,,,,,,,,,,,,
snot ,"(סלנג) נַזֶּלֶת, הפרשת ריר מהאף",,,,,,0.0,,,,,,,,,,,,,,,,,,,,,,
cramped up,צפוף,,,,,,0.0,,,,,,,,,,,,,,,,,,,,,,
autopsy ,"נִתּוּחַ לְאַחַר הַמָּוֶת; חקירה ביקורתית, בחינה עמוקה (של משהו) לאחר מעשה",,,,,,0.0,,,,,,,,,,,,,,,,,,,,,,
gnawing ,כִּרְסוּם,,,,,,1.0,,,,,,,,,,,,,,,,,,,,,,
akin ,"קָשׁוּר, קָרוֹב",,,,,,0.0,,,,,,,,,,,,,,,,,,,,,,
angsty ,"חֶרְדָּתִי, עַצְבָּנִי; מעורר חרדה",,,,,,0.0,,,,,,,,,,,,,,,,,,,,,,
frivolous,"קַל דַּעַת, טִפְּשִׁי; קַל עֵרֶךְ, חֲסַר עֵרֶךְ",,,,,,1.0,,,,,,,,,,,,,,,,,,,,,,
tryst ,"(מְיֻשָּׁן) מִפְגָּשׁ, פְּגִישָׁה; (מְיֻשָּׁן) מקום מפגש",,,,,,0.0,,,,,,,,,,,,,,,,,,,,,,
long haul ,"מרחק רב, מסע ארוך (בייחוד לשם העברת סחורות); טווח ארוך, פרק זמן ממושך; עבודה ארוכה",,,,,,0.0,,,,,,,,,,,,,,,,,,,,,,
diminish ,"הִפְחִית, צִמְצֵם; פָּחַת, הִתְמַעֵט, הִצְטַמְצֵם",,,,,,0.0,,,,,,,,,,,,,,,,,,,,,,
breadth ,"רֹחַב; גֹּדֶל, הֶקֵּף, עֹמֶק, רוחב יריעה; נְדִיבוּת",,,,,,0.0,,,,,,,,,,,,,,,,,,,,,,
shatter ,"נִפֵּץ, נִתֵּץ; הָרַס; (בלשון הדיבור) עִיֵּף, הִתִּישׁ",,,,,,0.0,,,,,,,,,,,,,,,,,,,,,,
breach ,"הֵפֵר, פָּרַץ",,,,,,0.0,,,,,,,,,,,,,,,,,,,,,,
pun ,דיבר במשחק מילים,,,,,,0.0,,,,,,,,,,,,,,,,,,,,,,
orifice ,"פֶּתַח, פֶּה",,,,,,0.0,,,,,,,,,,,,,,,,,,,,,,
hash out ,"פָּתַר, יִשֵּב, הִסְדִּיר, יִשֵּׁר אֶת הַהֲדוּרִים",,,,,,1.0,,,,,,,,,,,,,,,,,,,,,,
hash ,"צלי בשר קצוץ בירקות ורוטב; (סְלֶנְג) חָשִׁישׁ; סֻלָּמִית (#); (מחשבים, כמילה ראשונה בצירופים) גִּבּוּב",,,,,,0.0,,,,,,,,,,,,,,,,,,,,,,
negation ,שְׁלִילָה; מִלַּת שְׁלִילָה,,,,,,0.0,,,,,,,,,,,,,,,,,,,,,,
sulk ,"זָעַף, הֶחְמִיץ פָּנִים, הִזְעִיף אֶת פָּנָיו",,,,,,0.0,,,,,,,,,,,,,,,,,,,,,,
sling ,"לוּלָאָה, מִתְלֶה, מַעֲנָב; מִנְשָׂא (לתינוק); קֶלַע",,,,,,0.0,,,,,,,,,,,,,,,,,,,,,,
spout,"צִנּוֹר, זַרְבּוּבִית, פִּיָּה",,,,,,0.0,,,,,,,,,,,,,,,,,,,,,,
flamboyant ,"רַאַוְתָנִי, מְצֻעֲצָע",,,,,,0.0,,,,,,,,,,,,,,,,,,,,,,
maverick ,"חיה תועה, שאין עליה סימן בעלות; אדם בעל דעות עצמאיות או לא-שמרניות",,,,,,0.0,,,,,,,,,,,,,,,,,,,,,,
errant ,"(מְיֻשָּׁן) נוֹדֵד, הַרְפַּתְקָנִי; טועה, שוגה",,,,,,1.0,,,,,,,,,,,,,,,,,,,,,,
foul ,"דּוֹחֶה, מַגְעִיל; מַסְרִיחַ; רָקוּב",,,,,,0.0,,,,,,,,,,,,,,,,,,,,,,
compounding,הִרְכִּיב צֵרֵף ; הֶחְמִיר הֶחְרִיף,,,,,,0.0,,,,,,,,,,,,,,,,,,,,,,
hundredfold,פי מאה,,,,,,0.0,,,,,,,,,,,,,,,,,,,,,,
liaisoning,תִּקְשֹׁרֶת קֶשֶׁר הִתְקַשְּׁרוּת מַגָּע ; קִשּוּר ; אִישׁ קֶשֶׁר ; קשר מיני אסור נִאוּף,,,,,,0.0,,,,,,,,,,,,,,,,,,,,,,
placate,הִרְגִּיעַ שִׁכֵּךְ,,,,,,0.0,,,,,,,,,,,,,,,,,,,,,,
solicit,שִׁדֵּל הִדִּיחַ ; הִפְצִיר הִתְחַנֵּן,,,,,,0.0,,,,,,,,,,,,,,,,,,,,,,
retention,שְׁמִירָה הַחְזָקָה היכולת לשמור או להחזיק משהו ; זְכִירָה זִכָּרוֹן היכולת לשמור משהו בזיכרון ; רפואה אֲצִירָה של הפרשות מהגוף כגון שתן ; שִׁמּוּר ; אֲחִיזָה,,,,,,0.0,,,,,,,,,,,,,,,,,,,,,,
advocate,סָנֵגוֹר פְּרַקְלִיט עוֹרֵךְ דִּין ; תּוֹמֵךְ מְצַדֵּד חָסִיד,,,,,,0.0,,,,,,,,,,,,,,,,,,,,,,
indubidibly,וַדָּאִי,,,,,,0.0,,,,,,,,,,,,,,,,,,,,,,
conundrum,חִידָה ; בְּעָיָה קשה,,,,,,0.0,,,,,,,,,,,,,,,,,,,,,,
